id,entry,inside
106877213_0,0,1
106877213_0_r,0,1
106877214_0,0,1
106877214_0_r,0,1
106877215_0,0,1
106877215_0_r,0,1
106877217_0,0,1
106877217_0_r,0,1
106877217_1,0,1
106877217_1_r,0,1
106877218_0,0,1
106877218_0_r,0,1
106877218_1,0,1
106877218_1_r,0,1
106877219_0,0,1
106877219_0_r,0,1
106877219_1,0,1
106877219_1_r,0,1
106877221_0,0,1
106877221_0_r,0,1
106877222_0,0,1
106877222_0_r,0,1
106877222_1,0,1
106877222_1_r,0,1
106877223_0,0,1
106877223_0_r,0,1
106877223_1,0,1
106877223_1_r,0,1
110489637_0,0,1
110489638_0,0,1
110542344_0,0,1
110542345_0,0,1
110777345_0,0,1
110777345_0_r,0,1
110777346_0,0,1
110854073_0,0,1
110854073_1,0,1
110854073_2,0,1
110854073_3,0,1
110854073_4,0,1
110854073_5,0,1
110854073_6,0,1
110854073_7,0,1
111826111_0,0,1
111826111_1,0,1
111826111_2,0,1
112116234_0,0,1
112116234_1,0,1
112116235_0,0,1
112116235_1,0,1
112116235_2,0,1
112116235_3,0,1
112116235_4,0,1
112116235_5,0,1
112116235_6,0,1
112116236_0,0,1
116672333_0,0,1
116672333_0_r,0,1
116672333_1,0,1
116672333_1_r,0,1
116672642_0,0,1
118400726_0,0,1
118400726_1,0,1
118400726_2,0,1
118400726_3,0,1
118400726_4,0,1
118400726_5,0,1
118400726_6,0,1
118400726_7,0,1
118400726_8,0,1
118400726_9,0,1
118400728_0,0,1
118400729_0,0,1
118400729_1,0,1
118400729_2,0,1
118400729_3,0,1
118400729_4,0,1
11878022_0,0,1
11878022_1,0,1
11878036_0,1,1
122660458_0,0,1
122660459_0,0,1
122660460_0,0,1
122660461_0,0,1
124814435_0,0,1
124814435_1,0,1
124814435_2,0,1
124814435_3,0,1
124814435_4,0,1
125436141_0,0,1
125436141_1,0,1
125436141_2,0,1
125436141_3,0,1
125479715_0,0,1
125479715_1,0,1
125479721_0,0,1
125480074_0,0,1
125480075_0,0,1
125525165_0,0,1
125525165_0_r,0,1
125525165_1,0,1
125525165_1_r,0,1
125525171_0,0,1
125525171_0_r,0,1
125528659_0,0,1
125528659_1,0,1
125528659_2,0,1
127690685_0,0,1
127690685_0_r,0,1
127691870_0,0,1
127691871_0,0,1
127691872_0,0,1
127691872_1,0,1
127691872_2,0,1
127691872_3,0,1
127691872_4,0,1
127691872_5,0,1
127691872_6,0,1
127691872_7,0,1
127691874_0,0,1
127691874_0_r,0,1
127691874_1,0,1
127691874_1_r,0,1
127693102_0,0,1
127693103_0,0,1
127693103_1,0,1
127693199_0,0,1
127693199_1,0,1
127693199_2,0,1
127693199_3,0,1
127693199_4,0,1
127693199_5,0,1
127693200_0,0,1
127693200_1,0,1
127693383_0,0,1
127693383_1,0,1
127693383_2,0,1
127693383_3,0,1
127693383_4,0,1
127693383_5,0,1
127693384_0,0,1
127693388_0,0,1
127693388_1,0,1
129834316_0,0,1
129834316_1,0,1
129834316_2,0,1
129834316_3,0,1
129834316_4,0,1
134484064_0,1,1
139919706_0,0,1
139919706_0_r,0,1
139919714_0,0,1
139919714_1,0,1
140391514_0,0,1
140391514_0_r,0,1
140391514_1,0,1
140391514_1_r,0,1
140391516_0,0,1
140391516_0_r,1,1
140391518_0,0,1
140391518_0_r,1,1
140391522_0,0,1
140391522_1,0,1
140391522_2,0,1
140391522_3,0,1
144001605_0,0,1
144001605_1,0,1
144001606_0,0,1
144150484_0,0,1
144150484_0_r,0,1
144178017_0,0,1
144183267_0,0,1
144183267_0_r,0,1
144183267_1,0,1
144183267_1_r,0,1
144183267_2,0,1
144183267_2_r,0,1
144183268_0,0,1
144183268_0_r,0,1
144183268_1,0,1
144183268_1_r,0,1
156994955_0,0,1
156994961_0,0,1
156994961_1,0,1
156994969_0,0,1
156994977_0,0,1
156994977_1,0,1
156994977_2,0,1
157012386_0,0,1
157012386_1,0,1
157012386_10,0,1
157012386_11,0,1
157012386_12,0,1
157012386_13,0,1
157012386_14,0,1
157012386_15,0,1
157012386_16,0,1
157012386_2,0,1
157012386_3,0,1
157012386_4,0,1
157012386_5,0,1
157012386_6,0,1
157012386_7,0,1
157012386_8,0,1
157012386_9,0,1
157012387_0,0,1
157012387_1,0,1
157012387_2,0,1
157012388_0,0,1
157012388_0_r,0,1
157012389_0,0,1
157012389_0_r,0,1
157012390_0,0,1
157012390_0_r,0,1
157012391_0,0,1
157012391_0_r,0,1
157012393_0,0,1
157012393_0_r,0,1
157012395_0,0,1
157012395_0_r,0,1
157012396_0,0,1
157012396_0_r,0,1
157012397_0,0,1
157012397_0_r,0,1
157012398_0,0,1
157012398_1,0,1
157014135_0,0,1
157014136_0,0,1
157014136_1,0,1
157014137_0,0,1
157405685_0,0,1
157405685_0_r,0,1
157964812_0,0,1
157964813_0,0,1
159657620_0,0,1
160801658_0,0,1
160801658_0_r,0,1
160801660_0,1,1
160801660_0_r,0,1
160942006_0,0,1
162041587_1,1,1
162041587_2,0,1
163806028_0,0,1
163806028_0_r,0,1
164184349_0,0,1
164184349_0_r,0,1
164420607_0,0,1
164420607_1,0,1
164420607_2,0,1
164632299_0,0,1
164632299_0_r,0,1
164632300_0,0,1
164632300_0_r,0,1
165672323_0,0,1
165733924_0,0,1
165774923_0,0,1
165774924_0,0,1
165775306_0,0,1
165777194_0,0,1
165777195_0,0,1
165777195_0_r,0,1
165777195_1,0,1
165777195_1_r,0,1
165777195_2,0,1
165777195_2_r,0,1
165777195_3,0,1
165777195_3_r,0,1
165777255_0,0,1
165777635_0,0,1
165777951_0,0,1
165777951_1,0,1
166030811_0,0,1
166030812_0,0,1
166038132_0,0,1
166038132_0_r,0,1
166038145_0,0,1
166038501_0,0,1
167922070_0,0,1
167922071_0,0,1
167922072_0,0,1
167922072_0_r,0,1
167922072_1,0,1
167922072_1_r,0,1
167922073_0,0,1
167922074_0,0,1
167922075_0,0,1
167922076_0,0,1
167922076_0_r,0,1
167922077_0,0,1
167922077_0_r,0,1
167923357_0,0,1
167923358_0,0,1
169267536_0,0,1
169267538_0,1,1
169267538_0_r,0,1
169267538_1,0,1
169267538_1_r,0,1
169267540_0,0,1
169267540_1,0,1
169267541_0,0,1
169267541_1,0,1
169267542_0,0,1
169267542_1,0,1
169267542_2,0,1
169267542_3,0,1
169267543_0,0,1
169267544_0,0,1
169381958_0,0,1
169381960_0,0,1
169381960_1,0,1
169381960_2,0,1
169381961_0,0,1
169381961_0_r,0,1
169381962_0,0,1
169381962_1,0,1
169381963_0,0,1
169381963_0_r,0,1
169381963_1,0,1
169381963_1_r,0,1
169381965_0,0,1
169383516_0,0,1
169383517_0,0,1
170113138_0,0,1
171574337_0,0,1
181375404_0,0,1
181375404_1,0,1
181375404_2,0,1
181375404_3,0,1
181546837_0,0,1
181546837_1,0,1
181546837_2,0,1
181546837_3,0,1
181546837_4,0,1
181546837_5,0,1
181546837_6,0,1
181546837_7,0,1
181546837_8,0,1
181546839_0,0,1
182690826_0,0,1
182690826_1,0,1
185934187_0,0,1
186202420_0,0,1
188366388_0,0,1
188366389_0,0,1
188366390_0,0,1
188366391_0,0,1
188494945_0,0,1
188494945_0_r,0,1
188559800_0,0,1
188559800_1,0,1
188559800_2,0,1
188559800_3,0,1
188559800_4,0,1
188559800_5,0,1
188559800_6,0,1
188559800_7,0,1
188559800_8,0,1
188559800_9,0,1
188722435_0,0,1
188722435_0_r,0,1
188722436_0,0,1
188722436_1,0,1
188722436_2,0,1
190550014_0,0,1
190550014_1,0,1
194572581_0,0,1
194920158_1,1,1
194920158_10,0,1
194920158_11,0,1
194920158_12,0,1
194920158_13,0,1
194920158_14,0,1
194920158_2,0,1
194920158_3,0,1
194920158_4,0,1
194920158_5,0,1
194920158_6,0,1
194920158_7,0,1
194920158_8,0,1
194920158_9,0,1
194923759_0,0,1
194923760_0,0,1
194923760_0_r,0,1
194923761_0,0,1
194923761_1,0,1
194923762_0,0,1
194923762_0_r,0,1
194923763_0,0,1
194923763_0_r,0,1
194923763_1,0,1
194923763_1_r,0,1
194923764_0,0,1
194923764_0_r,0,1
194923764_1,0,1
194923764_1_r,0,1
194923764_2,0,1
194923764_2_r,0,1
194923764_3,0,1
194923764_3_r,0,1
194923766_0,0,1
194923768_0,0,1
194923768_0_r,0,1
194923768_1,0,1
194923768_1_r,0,1
194923769_0,0,1
194923769_0_r,0,1
194923770_0,0,1
194923770_0_r,0,1
194923773_0,0,1
194923773_0_r,0,1
194923773_1,0,1
194923773_1_r,0,1
194923774_0,0,1
194923774_0_r,0,1
194923774_1,0,1
194923774_1_r,0,1
194923774_2,0,1
194923774_2_r,0,1
194923775_0,0,1
194923775_0_r,0,1
194923776_0,0,1
194923778_0,1,1
194923778_0_r,0,1
194923781_0,0,1
194923786_0,0,1
194923786_1,0,1
194923786_2,0,1
194923786_3,0,1
194923786_4,0,1
194923789_0,0,1
194923790_0,0,1
194923791_0,0,1
194923791_0_r,0,1
194923792_0,0,1
194923794_0,1,1
194923795_0,0,1
194923795_1,0,1
194923795_2,0,1
194923795_3,0,1
194923795_4,0,1
194923796_0,0,1
194923798_0,0,1
194923798_0_r,0,1
194923799_0,0,1
194923800_0,0,1
194923800_1,0,1
194923800_2,0,1
194923807_0,0,1
194923807_1,0,1
194923807_2,0,1
194923807_3,0,1
194923807_4,0,1
194923807_5,0,1
194923808_0,0,1
194923808_1,0,1
194923808_2,0,1
194923808_3,0,1
194923810_0,0,1
194923810_1,0,1
194923810_2,0,1
194923810_3,0,1
194923810_4,0,1
194923810_5,0,1
194923811_0,0,1
194923812_0,0,1
194923812_1,0,1
194926839_0,0,1
194926839_0_r,0,1
194926843_0,0,1
194926846_0,0,1
194926847_0,0,1
194926849_0,0,1
194926851_0,0,1
194926851_1,0,1
194926851_2,0,1
194926851_3,0,1
194926851_4,0,1
194926851_5,0,1
194926851_6,0,1
194926854_0,0,1
194926854_1,0,1
194926854_2,0,1
194926854_3,0,1
194926854_4,0,1
194926855_0,0,1
194926856_0,0,1
195743130_0,0,1
195743130_1,0,1
195743130_2,0,1
195743137_0,0,1
195743138_0,0,1
195743138_0_r,1,1
195743152_0,0,1
195743152_0_r,0,1
195743157_0,0,1
195743157_0_r,0,1
195743164_0,0,1
195743164_0_r,0,1
195743164_1,0,1
195743164_1_r,0,1
195743165_0,0,1
195743177_0,0,1
195743178_0,0,1
195743179_0,0,1
195743179_1,0,1
195743179_2,0,1
195743179_3,0,1
195743182_0,0,1
195743182_1,0,1
195743182_2,0,1
195743182_3,0,1
195743190_0,0,1
195743191_0,0,1
195743191_1,0,1
195743195_0,0,1
195743195_0_r,0,1
195743195_1,0,1
195743195_1_r,0,1
195743195_2,0,1
195743195_2_r,0,1
195743197_0,0,1
195743197_0_r,1,1
195743199_0,0,1
195743199_0_r,0,1
195743208_0,0,1
195743208_0_r,0,1
195743208_1,0,1
195743208_1_r,0,1
195743209_0,0,1
195743210_0,0,1
195743211_0,0,1
195743267_0,0,1
195743267_0_r,0,1
195743267_1,0,1
195743267_1_r,0,1
195743271_0,0,1
195743271_0_r,0,1
195743297_0,0,1
195743297_1,0,1
195743301_0,0,1
195743301_1,0,1
195743301_2,0,1
195743304_0,0,1
195743304_0_r,0,1
195743304_1,0,1
195743304_1_r,0,1
195743318_0,0,1
195743336_0,0,1
195743336_1,0,1
195743336_2,0,1
195743341_0,0,1
195743341_1,0,1
195743341_2,0,1
195743341_3,0,1
195743341_4,0,1
195743341_5,0,1
195743341_6,0,1
195743342_5,1,1
195743343_0,0,1
195743343_1,0,1
195743344_0,0,1
195743345_0,0,1
195743554_0,0,1
195743554_0_r,0,1
195743554_1,0,1
195743554_1_r,0,1
195743554_2,0,1
195743554_2_r,0,1
195743554_3,0,1
195743554_3_r,0,1
195743554_4,0,1
195743554_4_r,0,1
195743554_5,0,1
195743554_5_r,0,1
195743554_6,0,1
195743554_6_r,0,1
195743554_7,0,1
195743554_7_r,0,1
195743555_0,0,1
195743555_0_r,0,1
195743555_1,0,1
195743555_1_r,0,1
195743556_0,0,1
195743556_1,0,1
195743556_2,0,1
195745911_0,0,1
195745911_0_r,0,1
195745911_1,0,1
195745911_1_r,0,1
195745914_0,0,1
195745915_0,0,1
195745916_0,0,1
195745917_0,0,1
195745920_0,0,1
195745925_0,0,1
195834894_0,0,1
195834894_1,0,1
196116974_0,0,1
196116975_2,1,1
196116975_3,0,1
196116976_0,0,1
196116976_1,0,1
196116976_2,0,1
196116976_3,0,1
196116976_4,0,1
196116976_5,0,1
196116976_6,0,1
196116976_7,0,1
196116976_8,0,1
196116978_0,0,1
196116978_1,0,1
196116978_2,0,1
196116978_3,0,1
196116979_0,0,1
196116979_1,0,1
196116979_2,0,1
196116979_3,0,1
196116988_0,0,1
196116988_0_r,0,1
196116988_1,0,1
196116988_1_r,0,1
196116989_0,0,1
196116997_0,0,1
196117006_0,0,1
196117014_0,0,1
196117014_0_r,0,1
196117028_0,0,1
196117028_1,0,1
196117028_2,0,1
196117028_3,0,1
196117032_0,0,1
196117039_0,0,1
196117042_0,0,1
196117042_1,0,1
196117042_2,0,1
196117042_3,0,1
196117045_0,0,1
196117051_0,0,1
196117051_1,0,1
196117051_2,0,1
196117059_0,0,1
196117059_0_r,1,1
196117073_0,0,1
196117073_0_r,0,1
196117073_1,0,1
196117073_1_r,0,1
196117073_2,0,1
196117073_2_r,0,1
196117074_0,0,1
196117074_0_r,0,1
196117075_0,0,1
196117075_0_r,0,1
196117075_1,0,1
196117075_1_r,0,1
196117075_2,0,1
196117075_2_r,0,1
196117083_0,0,1
196117083_0_r,0,1
196117084_0,0,1
196117084_0_r,0,1
196117084_1,0,1
196117084_1_r,0,1
196117090_0,0,1
196117090_1,0,1
196117090_2,0,1
196117090_3,0,1
196117090_4,0,1
196117090_5,0,1
196117090_6,0,1
196117090_7,0,1
196117091_0,0,1
196117091_1,0,1
196117091_2,0,1
196117091_3,0,1
196117091_4,0,1
196117092_0,0,1
19725512_0,0,1
19726366_0,1,1
198595470_0,0,1
198595548_0,0,1
198595549_1,1,1
198924551_0,0,1
198924552_0,0,1
198924552_1,0,1
198924552_2,0,1
198924552_3,0,1
198924552_4,0,1
198924587_0,0,1
198924587_1,0,1
198924587_2,0,1
198924727_0,0,1
198924727_1,0,1
198924778_0,0,1
199927849_0,0,1
199927850_0,0,1
207542284_0,0,1
216959248_0,0,1
216959250_0,0,1
216959250_1,0,1
216959250_2,0,1
221157083_0,0,1
221674460_0,0,1
221674464_0,0,1
221687788_0,0,1
221687788_1,0,1
221687789_0,0,1
221687790_0,0,1
221687790_1,0,1
221687792_0,0,1
221687792_1,0,1
221687793_0,0,1
221687794_0,0,1
221687794_1,0,1
222299238_0,0,1
222299238_1,0,1
222299238_2,0,1
222299238_3,0,1
222299242_0,0,1
222299248_0,0,1
222299248_1,0,1
222299254_0,0,1
222299254_1,0,1
222299258_0,0,1
222299272_0,0,1
222299275_0,0,1
222299275_1,0,1
222299275_10,0,1
222299275_11,0,1
222299275_12,0,1
222299275_2,0,1
222299275_3,0,1
222299275_4,0,1
222299275_5,0,1
222299275_6,0,1
222299275_7,0,1
222299275_8,0,1
222299275_9,0,1
222299276_0,0,1
222299276_1,0,1
222299276_2,0,1
222299276_3,0,1
222299277_0,0,1
223694351_0,0,1
223694352_0,0,1
224671408_0,0,1
226040985_0,1,1
226040985_0_r,0,1
226040986_0,0,1
226040986_0_r,1,1
226040987_0,0,1
226040991_0,0,1
226040992_0,0,1
226040993_0,0,1
226040993_1,0,1
226040993_2,0,1
226040993_3,0,1
226040994_0,0,1
226040994_1,0,1
226040995_0,0,1
226040996_0,0,1
226040996_1,0,1
226040997_0,0,1
226040997_1,0,1
226040997_2,0,1
226040997_3,0,1
226040998_0,0,1
226040998_1,0,1
226040999_0,0,1
226041000_0,0,1
226041000_1,0,1
226041000_2,0,1
226041000_3,0,1
226041000_4,0,1
226041001_0,0,1
226041001_1,0,1
226041001_2,0,1
226041001_3,0,1
226041001_4,0,1
226041001_5,0,1
226041002_0,0,1
226041002_1,0,1
226041003_0,0,1
226041003_1,0,1
226041003_2,0,1
226041004_0,0,1
226041004_1,0,1
226041004_2,0,1
226041005_0,0,1
226041005_1,0,1
226041005_2,0,1
226041005_3,0,1
226041005_4,0,1
226041005_5,0,1
226041006_0,0,1
226041006_1,0,1
226041007_0,0,1
226041007_1,0,1
226041008_0,0,1
226041008_1,0,1
226041008_2,0,1
226041008_3,0,1
226041009_0,0,1
226041011_0,0,1
226041011_1,0,1
226041012_0,0,1
226041012_1,0,1
226041013_0,0,1
226041013_1,0,1
226041016_0,0,1
226041016_0_r,0,1
226041016_1,0,1
226041016_1_r,0,1
226041016_2,0,1
226041016_2_r,0,1
226041017_0,0,1
226041019_0,0,1
226041020_0,0,1
226041021_0,0,1
226041021_1,0,1
226041022_0,0,1
226041023_0,0,1
226041024_0,0,1
226041025_0,0,1
226041026_0,0,1
226041027_0,0,1
226041027_1,0,1
226041027_2,0,1
226041027_3,0,1
226041028_0,0,1
226041028_1,0,1
226041029_0,0,1
226041030_0,0,1
226041031_0,0,1
226041031_1,0,1
226041031_2,0,1
226041031_3,0,1
226041031_4,0,1
226041031_5,0,1
226041031_6,0,1
226041031_7,0,1
226041032_0,0,1
226041032_1,0,1
226041033_0,0,1
226041041_0,0,1
226041042_0,0,1
226092571_0,0,1
226092572_0,0,1
226092573_0,0,1
226193904_0,0,1
226193904_0_r,0,1
226193905_0,1,1
226193905_0_r,0,1
226193928_0,0,1
226193928_0_r,0,1
226193928_1,0,1
226193928_1_r,0,1
226193933_0,0,1
226193933_1,0,1
226193933_10,0,1
226193933_11,0,1
226193933_12,0,1
226193933_13,0,1
226193933_14,0,1
226193933_2,0,1
226193933_3,0,1
226193933_4,0,1
226193933_5,0,1
226193933_6,0,1
226193933_7,0,1
226193933_8,0,1
226193933_9,0,1
226193942_0,1,1
226193942_1,0,1
226193942_2,0,1
22897633_0,0,1
22897633_1,0,1
22897633_2,0,1
22897633_3,0,1
22897633_4,0,1
22897720_0,0,1
22898269_0,0,1
22898269_1,0,1
22898269_2,0,1
22898269_3,0,1
22898269_4,0,1
22898530_0,0,1
22898643_0,0,1
228996438_0,0,1
228996438_0_r,1,1
22902608_0,0,1
22902609_0,0,1
22902610_0,0,1
22904055_0,0,1
22904062_0,0,1
22904113_0,0,1
22904149_0,0,1
22904150_0,0,1
22904155_0,0,1
22904155_0_r,0,1
22909031_0,1,1
22909136_0,1,1
22909152_0,0,1
22914179_0,0,1
22914179_1,0,1
22914179_2,0,1
22914179_3,0,1
22914179_4,0,1
22914180_0,1,1
22914181_0,0,1
22914181_1,0,1
22914182_0,1,1
22916319_0,0,1
22916319_0_r,0,1
22916321_0,0,1
22916379_0,0,1
22916379_1,0,1
22916381_0,0,1
22927287_0,0,1
22927287_1,0,1
22927373_0,1,1
22927373_1,0,1
22927373_2,0,1
22927399_0,0,1
22927411_1,1,1
22927411_2,0,1
22927411_3,0,1
22927411_4,0,1
22927411_5,0,1
22927419_0,0,1
22927462_0,0,1
22927462_1,0,1
22927462_2,0,1
22927462_3,0,1
22927462_4,0,1
22927463_0,0,1
22927463_1,0,1
22927484_0,0,1
22927486_0,1,1
22927486_1,0,1
22927486_2,0,1
22927941_0,0,1
22927946_0,0,1
22928102_0,1,1
22928102_0_r,0,1
22941286_0,0,1
22941286_0_r,0,1
22941312_0,1,1
22941312_0_r,0,1
22941539_0,1,1
22941539_1,0,1
22941661_0,1,1
22941661_0_r,0,1
22941791_0,1,1
22946628_0,0,1
23048466_0,0,1
23048468_0,0,1
23048548_0,0,1
231393429_0,0,1
231393430_0,0,1
231393430_0_r,0,1
239988110_0,0,1
239988110_1,0,1
239988110_2,0,1
239988110_3,0,1
239988110_4,0,1
242114296_0,0,1
242114296_0_r,0,1
242114297_0,0,1
242114297_0_r,0,1
242116474_0,0,1
242116474_0_r,0,1
242116476_0,0,1
242116476_0_r,0,1
24263967_0,0,1
24263967_1,0,1
24264070_0,0,1
24264114_0,0,1
24264114_1,0,1
249664804_0,0,1
249664805_0,0,1
249664805_0_r,0,1
249664805_1,0,1
249664805_1_r,0,1
249664806_0,0,1
249664806_0_r,0,1
249664807_0,0,1
249664807_0_r,0,1
249664807_1,0,1
249664807_1_r,0,1
249664808_0,0,1
250049336_0,0,1
250049336_0_r,0,1
250049337_0,0,1
250049337_0_r,0,1
250049338_0,1,1
250049338_0_r,0,1
250049339_0,0,1
250049339_0_r,0,1
250172275_0,0,1
250172275_0_r,0,1
250172276_0,0,1
250172276_0_r,0,1
25026344_0,0,1
250267912_0,0,1
250267912_0_r,0,1
25162679_0,0,1
25162679_1,0,1
25162679_2,0,1
25162679_3,0,1
25162679_4,0,1
25162679_5,0,1
25162679_6,0,1
25163419_0,0,1
25163419_1,0,1
25163419_2,0,1
25163419_3,0,1
25163419_4,0,1
25163419_5,0,1
25166891_0,0,1
25166891_0_r,0,1
25166891_1,0,1
25166891_1_r,0,1
25167053_0,0,1
25167053_0_r,0,1
25167065_0,0,1
25167065_0_r,0,1
25167069_0,0,1
25167069_1,0,1
25167167_0,0,1
25167167_0_r,0,1
25167210_0,0,1
25167210_0_r,0,1
25167210_1,0,1
25167210_1_r,0,1
25167210_2,0,1
25167210_2_r,0,1
25167210_3,0,1
25167210_3_r,0,1
25167444_0,0,1
25167462_0,0,1
25167462_0_r,1,1
25196678_0,0,1
25196678_0_r,0,1
25198317_0,0,1
25198317_1,0,1
25198451_0,0,1
25198451_1,0,1
25198488_0,0,1
25199402_0,0,1
25199402_1,0,1
25199402_2,0,1
25199402_3,0,1
25199402_4,0,1
25199870_0,0,1
25199870_1,0,1
25199870_2,0,1
25199870_3,0,1
25199870_4,0,1
25199870_5,0,1
25199883_0,0,1
25199883_1,0,1
25199883_2,0,1
25199883_3,0,1
25199883_4,0,1
25199883_5,0,1
252227354_0,0,1
252227354_0_r,0,1
252227354_1,0,1
252227354_1_r,1,1
25564482_0,0,1
25564540_0,0,1
25564571_0,0,1
25564571_0_r,0,1
25564580_0,0,1
25564580_0_r,1,1
25564592_0,0,1
256902825_0,0,1
256902826_0,0,1
256902826_1,0,1
256902826_2,0,1
256902827_0,1,1
256902828_0,0,1
256902829_0,0,1
256902830_0,0,1
256902830_1,0,1
256902830_2,0,1
256902830_3,0,1
256902830_4,0,1
256902831_0,0,1
258619239_0,0,1
258619239_0_r,0,1
263088941_0,0,1
263088941_0_r,0,1
263088941_1,0,1
263088941_1_r,0,1
263088941_2,0,1
263088941_2_r,0,1
263088941_3,0,1
263088941_3_r,0,1
263088941_4,0,1
263088941_4_r,1,1
263563003_0,0,1
264546995_0,0,1
265356028_0,0,1
265356029_0,1,1
265356063_0,0,1
265356063_1,0,1
265356064_0,0,1
265357870_0,0,1
265357870_0_r,0,1
265357871_0,0,1
265357871_0_r,0,1
273019805_0,0,1
273019805_1,0,1
273019805_2,0,1
273019807_0,0,1
273019807_0_r,0,1
273019810_0,0,1
273019810_0_r,0,1
273019810_1,0,1
273019810_1_r,0,1
273019810_2,0,1
273019810_2_r,0,1
273019812_0,0,1
273019814_0,0,1
273019814_1,0,1
273019814_2,0,1
273019814_3,0,1
273019814_4,0,1
273895447_0,0,1
273895448_0,0,1
273895449_0,0,1
273895450_0,0,1
273895450_1,0,1
275016228_0,0,1
275016228_0_r,0,1
275016228_1,0,1
275016228_1_r,0,1
275016228_2,0,1
275016228_2_r,0,1
276670360_0,0,1
276670360_0_r,0,1
277201109_0,0,1
277201109_0_r,0,1
277201110_0,0,1
281455418_0,0,1
281455418_0_r,0,1
281455419_0,0,1
281455419_0_r,0,1
281455419_1,0,1
281455419_1_r,0,1
281455419_2,0,1
281455419_2_r,0,1
289360194_0,0,1
289360194_0_r,0,1
289360194_1,0,1
289360194_1_r,0,1
291195833_0,0,1
291195834_0,0,1
296677061_0,0,1
296780157_0,0,1
296780157_0_r,0,1
296780157_1,0,1
296780157_1_r,0,1
308322446_0,0,1
308322447_0,0,1
308322447_1,0,1
308322447_2,0,1
308322448_0,0,1
309148657_0,0,1
315174425_0,0,1
315174425_1,0,1
315174425_2,0,1
317167966_0,0,1
317167966_0_r,0,1
317167966_1,0,1
317167966_1_r,0,1
317200680_0,0,1
317200680_0_r,0,1
317349868_0,0,1
317349868_0_r,0,1
317378542_0,0,1
317378542_0_r,0,1
317378545_0,0,1
317378545_0_r,0,1
317378549_0,0,1
317378549_0_r,0,1
317378549_1,0,1
317378549_1_r,0,1
317400960_0,0,1
317400960_0_r,0,1
317400961_0,0,1
317400961_0_r,0,1
317400962_0,0,1
317400962_0_r,0,1
317400962_1,0,1
317400962_1_r,0,1
317400962_2,0,1
317400962_2_r,0,1
31984130_0,0,1
31984136_0,0,1
320480539_0,0,1
320480540_0,0,1
320480540_0_r,0,1
320480540_1,0,1
320480540_1_r,0,1
320888283_0,1,1
320888292_0,0,1
321993366_0,0,1
321993366_0_r,0,1
321993366_1,0,1
321993366_1_r,0,1
321993367_0,0,1
321993367_1,0,1
321993367_2,0,1
322428254_0,0,1
322428254_0_r,0,1
324118553_0,0,1
324118554_0,0,1
324118555_0,0,1
324118556_0,0,1
324118557_0,0,1
324118558_0,0,1
324750258_0,0,1
324750258_0_r,0,1
324750258_1,0,1
324750258_1_r,0,1
324750259_0,0,1
324750259_0_r,0,1
324970100_0,0,1
324970100_0_r,0,1
324970104_0,0,1
324970104_0_r,0,1
324970107_0,0,1
324970107_0_r,0,1
324975283_0,0,1
324975283_0_r,0,1
325008926_0,0,1
325008926_0_r,0,1
325008927_0,0,1
325008927_0_r,0,1
325008932_0,0,1
325008932_0_r,0,1
32922457_0,1,1
32922468_0,0,1
32934351_0,1,1
32935551_0,0,1
32935551_1,0,1
32938060_0,1,1
32939005_0,0,1
32939046_0,0,1
32939187_0,0,1
32939224_0,0,1
32939516_0,0,1
32946655_0,1,1
32946655_0_r,0,1
32946656_0,0,1
32947291_0,0,1
32947292_0,0,1
32947293_0,0,1
32947295_0,0,1
32947509_0,0,1
32947558_0,1,1
32947558_1,0,1
32972072_0,0,1
32972072_1,0,1
330748499_0,1,1
335935797_0,0,1
335935797_0_r,0,1
335935798_0,0,1
335935798_0_r,0,1
335935799_0,0,1
33804436_0,0,1
33804436_1,0,1
34079830_0,0,1
34079834_0,0,1
34080062_0,0,1
34080062_1,0,1
34080149_0,0,1
34080174_0,0,1
34080174_1,0,1
34080174_2,0,1
34080174_3,0,1
34080174_4,0,1
34080508_0,0,1
34213168_0,0,1
34213168_1,0,1
342785522_0,0,1
347306313_0,0,1
347311223_0,0,1
347311223_1,0,1
347311223_2,0,1
347311223_3,0,1
347311223_4,0,1
347311223_5,0,1
347311223_6,0,1
347311223_7,0,1
347311223_8,0,1
347311223_9,0,1
347311224_0,0,1
347311224_1,0,1
348477347_0,1,1
348477348_0,0,1
348477348_1,0,1
348477348_2,0,1
348477348_3,0,1
348477349_0,0,1
348488662_0,0,1
348488662_1,0,1
348488665_0,0,1
348488665_1,0,1
348488665_2,0,1
349873701_0,0,1
349873702_0,0,1
349873702_1,0,1
35027226_0,0,1
35027226_1,0,1
35027229_0,0,1
350726028_0,0,1
350726028_1,0,1
350726028_2,0,1
350726028_3,0,1
350726028_4,0,1
350726028_5,0,1
350726028_6,0,1
350726028_7,0,1
350726030_0,0,1
350726030_1,0,1
350726031_0,0,1
351224631_0,0,1
351224632_0,0,1
351233495_0,0,1
351233495_0_r,0,1
351540625_0,0,1
351540625_1,0,1
351540632_0,0,1
351540632_1,0,1
351540632_2,0,1
351638330_0,0,1
351638330_0_r,0,1
351638330_1,0,1
351638330_1_r,0,1
352705236_0,0,1
352705236_0_r,0,1
352705238_0,0,1
352705238_1,0,1
352705238_2,0,1
353655412_0,0,1
354393802_0,0,1
354393802_0_r,0,1
354393802_1,0,1
354393802_1_r,0,1
354393802_2,0,1
354393802_2_r,0,1
354393808_0,0,1
354393808_1,0,1
356140737_0,0,1
357946354_0,0,1
357946354_1,0,1
357946354_2,0,1
358290454_0,0,1
359180981_0,0,1
359180982_0,0,1
361075845_0,0,1
361075845_0_r,0,1
361401709_0,0,1
361401709_0_r,0,1
361442184_0,0,1
361442184_0_r,0,1
36185649_0,0,1
36185649_0_r,0,1
36185650_0,0,1
36185650_1,0,1
36271338_0,0,1
36271338_0_r,0,1
36271338_1,0,1
36271338_1_r,0,1
36271338_2,0,1
36271338_2_r,0,1
36271338_3,0,1
36271338_3_r,0,1
36271338_4,0,1
36271338_4_r,0,1
36271338_5,0,1
36271338_5_r,0,1
362811088_0,0,1
364262732_0,1,1
364262732_0_r,0,1
364262732_1,0,1
364262732_1_r,0,1
364262732_2,0,1
364262732_2_r,0,1
364262732_3,0,1
364262732_3_r,0,1
364262732_4,0,1
364262732_4_r,1,1
36801164_0,0,1
36801165_0,0,1
36801165_0_r,0,1
36801165_1,0,1
36801165_1_r,0,1
36801165_2,0,1
36801165_2_r,0,1
36801250_0,0,1
36801336_0,0,1
36801336_1,0,1
36801355_0,0,1
36801355_1,0,1
36806658_0,0,1
36806659_0,0,1
36806659_1,0,1
36806659_2,0,1
36806661_0,0,1
36806661_1,0,1
36806670_0,0,1
36806671_0,0,1
36806673_0,0,1
36806677_0,0,1
36806678_0,0,1
36806679_0,0,1
36806679_1,0,1
36806679_2,0,1
36806680_0,0,1
36806680_1,0,1
36806681_0,0,1
36806682_0,0,1
36806683_0,0,1
36806892_0,0,1
36806896_0,0,1
36806901_0,0,1
36806903_0,0,1
36806903_0_r,0,1
36806905_0,0,1
36806906_0,0,1
36806906_1,0,1
36806907_0,0,1
36806908_0,0,1
36806909_0,0,1
36807164_0,0,1
36807165_0,0,1
36807165_1,0,1
36807166_0,0,1
36807208_0,0,1
36807210_0,0,1
36807211_0,0,1
36807212_0,0,1
36807212_0_r,0,1
36807214_0,0,1
36836398_0,0,1
36836400_0,0,1
36836400_1,0,1
36836404_0,0,1
36836404_1,0,1
368938760_0,0,1
368938760_1,0,1
368938761_0,0,1
368938761_1,0,1
368938761_2,0,1
368938761_3,0,1
368938762_0,0,1
370169932_0,0,1
370169932_1,0,1
371124205_0,0,1
371124205_0_r,0,1
374421069_0,0,1
374421069_0_r,0,1
374923972_0,0,1
374923972_0_r,0,1
374923974_0,0,1
375163661_0,0,1
375164210_0,0,1
375164212_0,0,1
375165500_0,0,1
375165501_0,0,1
375165664_0,0,1
375165665_0,0,1
375165665_0_r,0,1
375165666_0,0,1
375316256_0,0,1
375316257_0,0,1
375471550_0,0,1
375471551_0,0,1
375600323_0,0,1
375600323_0_r,0,1
375972517_0,0,1
375972517_1,0,1
378032831_0,0,1
378032831_0_r,0,1
378032832_0,0,1
378032832_1,0,1
378032834_0,0,1
378032834_0_r,0,1
378032834_1,0,1
378032834_1_r,0,1
378099316_0,0,1
378099316_0_r,0,1
378363223_0,0,1
37890350_0,0,1
37890350_1,0,1
379435776_0,0,1
379435777_0,0,1
379435777_1,0,1
379435778_0,0,1
379634130_0,0,1
379634130_0_r,1,1
379641300_0,0,1
379641300_0_r,0,1
379641300_1,0,1
379641300_1_r,0,1
379748676_0,0,1
379748676_0_r,0,1
379748676_1,0,1
379748676_1_r,0,1
379748679_0,0,1
379748679_0_r,0,1
379749110_0,0,1
379749110_0_r,0,1
379843699_0,0,1
379843702_0,0,1
379843702_1,0,1
379843704_0,0,1
379843705_0,0,1
379944845_0,0,1
379961828_0,0,1
379961829_0,0,1
379961830_0,0,1
380093631_2,1,1
380096992_0,0,1
380096992_0_r,0,1
380098431_0,0,1
380098432_0,0,1
380098432_1,0,1
380098432_10,0,1
380098432_11,0,1
380098432_12,0,1
380098432_13,0,1
380098432_14,0,1
380098432_2,0,1
380098432_3,0,1
380098432_4,0,1
380098432_5,0,1
380098432_6,0,1
380098432_7,0,1
380098432_8,0,1
380098432_9,0,1
380099776_0,0,1
380145816_0,0,1
380147339_0,0,1
380147584_0,0,1
380147585_0,0,1
380817543_0,0,1
380817543_0_r,0,1
380823793_0,0,1
380823793_0_r,0,1
380991634_0,0,1
380991634_0_r,0,1
380991634_1,0,1
380991634_1_r,0,1
380991635_0,0,1
380991638_0,0,1
380991638_0_r,0,1
381472452_0,0,1
381474197_0,0,1
381477004_0,0,1
381477004_0_r,0,1
381477008_0,0,1
381477008_0_r,0,1
381480256_0,0,1
381480256_1,0,1
381480256_2,0,1
381480876_0,0,1
381500063_0,0,1
381500063_0_r,0,1
381500065_0,0,1
381500065_0_r,0,1
381500066_0,0,1
381500066_0_r,0,1
381565180_0,0,1
381565180_1,0,1
381565180_2,0,1
382740985_0,0,1
382740985_1,0,1
382740985_2,0,1
382740985_3,0,1
382740985_4,0,1
383790595_0,0,1
383790595_0_r,0,1
383790596_0,0,1
383790596_0_r,0,1
384178812_0,0,1
384178812_0_r,0,1
384178813_0,0,1
384178813_1,0,1
384178814_0,0,1
384178814_0_r,0,1
384178816_0,0,1
384178816_1,0,1
384178817_0,0,1
384178817_0_r,0,1
384649120_0,0,1
384649120_1,0,1
384649120_2,0,1
384649120_3,0,1
384649120_4,0,1
384649121_0,0,1
384649121_0_r,0,1
384826723_0,0,1
384826723_0_r,0,1
384826723_1,0,1
384826723_1_r,0,1
384826723_2,0,1
384826723_2_r,0,1
384826723_3,0,1
384826723_3_r,0,1
384898122_0,0,1
384898122_1,0,1
385101423_0,0,1
385101423_0_r,0,1
385102416_0,0,1
385668565_0,0,1
385668565_1,0,1
385668565_2,0,1
385668565_3,0,1
385668565_4,0,1
385668565_5,0,1
385668565_6,0,1
38605246_0,0,1
38605246_0_r,0,1
38605247_0,0,1
38605247_0_r,1,1
38605248_0,0,1
386211349_0,0,1
386972970_0,0,1
387170712_0,0,1
387170713_0,0,1
387170714_0,0,1
387170714_1,0,1
387170714_2,0,1
387170714_3,0,1
388167518_0,0,1
388167519_0,0,1
388240124_0,0,1
388240124_1,0,1
388240124_2,0,1
388240124_3,0,1
388240124_4,0,1
388240124_5,0,1
388240124_6,0,1
388240124_7,0,1
388281629_0,0,1
388281630_0,0,1
388281631_0,0,1
388281631_1,0,1
388281631_2,0,1
388281632_0,0,1
388281633_0,0,1
388281633_1,0,1
388284037_0,0,1
388284037_1,0,1
388316170_0,0,1
388316170_0_r,0,1
388318981_0,0,1
388318981_1,0,1
388695705_0,0,1
388695705_0_r,0,1
388696206_0,0,1
388696206_0_r,0,1
388696207_0,0,1
388696207_1,0,1
388696207_2,0,1
390311234_0,0,1
390311234_0_r,0,1
391062195_0,0,1
391062195_0_r,0,1
391634320_0,0,1
391634320_0_r,0,1
392494865_0,0,1
394715085_0,0,1
394715085_0_r,0,1
394715087_0,0,1
394715087_0_r,0,1
396444293_0,0,1
396444293_1,0,1
396444293_2,0,1
396444294_0,0,1
396444294_1,0,1
396444294_2,0,1
396444294_3,0,1
396444294_4,0,1
396444294_5,0,1
396444294_6,0,1
396444294_7,0,1
396444294_8,0,1
396444294_9,0,1
396444295_0,0,1
396444295_1,0,1
396444295_2,0,1
396444295_3,0,1
396444295_4,0,1
39662323_0,0,1
39662323_0_r,0,1
39662324_0,0,1
39662324_1,0,1
397795463_0,0,1
397795464_0,0,1
397795464_1,0,1
397839400_0,0,1
397839400_0_r,0,1
397839400_1,0,1
397839400_1_r,0,1
397839400_2,0,1
397839400_2_r,0,1
397839400_3,0,1
397839400_3_r,0,1
398375603_0,0,1
39956200_0,0,1
39956203_0,0,1
39956203_0_r,0,1
39956203_1,0,1
39956203_1_r,0,1
39956203_2,0,1
39956203_2_r,0,1
39956203_3,0,1
39956203_3_r,0,1
39956203_4,0,1
39956203_4_r,0,1
39956205_0,0,1
39956205_1,0,1
40174797_0,0,1
40337615_0,1,1
40337665_0,0,1
40337681_0,0,1
40337691_0,0,1
40337695_0,0,1
403405990_0,0,1
40535495_0,0,1
40535495_0_r,0,1
40709918_0,0,1
40709918_1,0,1
40709921_0,0,1
40709921_1,0,1
40709921_2,0,1
40709927_0,0,1
40709928_0,0,1
40709928_1,0,1
40709928_2,0,1
40709928_3,0,1
40709928_4,0,1
40709928_5,0,1
40709928_6,0,1
40709929_0,0,1
40709929_0_r,0,1
40837875_0,0,1
40879212_0,0,1
40879212_0_r,0,1
40879212_1,0,1
40879212_1_r,0,1
40879216_0,0,1
40879216_0_r,0,1
40879216_1,0,1
40879216_1_r,1,1
40879221_0,0,1
40879223_0,0,1
40956098_0,0,1
409716177_0,0,1
410302891_0,0,1
410302891_0_r,0,1
412115641_0,0,1
412115641_1,0,1
412115641_2,0,1
412115641_3,0,1
412117872_0,0,1
412117872_0_r,0,1
412174929_0,0,1
412174929_1,0,1
412174929_2,0,1
412180553_0,0,1
412180553_1,0,1
412180553_2,0,1
412180553_3,0,1
412180553_4,0,1
412180553_5,0,1
412180553_6,0,1
412180553_7,0,1
412549267_0,0,1
412549267_0_r,0,1
412876925_0,0,1
413045201_0,0,1
413045201_1,0,1
413045202_0,0,1
413045905_0,0,1
413045905_0_r,0,1
413050335_0,1,1
413050335_1,0,1
413050335_2,0,1
413051876_0,1,1
413051876_1,0,1
413052855_0,0,1
413052855_0_r,0,1
413054286_0,0,1
413054286_1,0,1
413054286_2,0,1
413054286_3,0,1
413054286_4,0,1
413054286_5,0,1
413054850_0,0,1
413054850_1,0,1
413054857_0,0,1
413054857_1,0,1
413054857_2,0,1
413054857_3,0,1
413054857_4,0,1
413054857_5,0,1
413054857_6,0,1
413054857_7,0,1
413056164_0,0,1
413201428_0,0,1
413201428_0_r,0,1
413212450_0,0,1
413212450_0_r,0,1
413212450_1,0,1
413212450_1_r,0,1
413212450_2,0,1
413212450_2_r,0,1
413217632_0,0,1
413704324_0,0,1
413727897_0,0,1
414744167_0,0,1
414744167_0_r,0,1
414744167_1,0,1
414744167_1_r,0,1
414747620_0,0,1
414747620_0_r,0,1
414749641_0,0,1
414749641_1,0,1
414749642_0,0,1
414749642_0_r,0,1
414749642_1,0,1
414749642_1_r,0,1
414750042_0,0,1
414750043_0,0,1
414750043_0_r,0,1
414750044_0,0,1
414750044_0_r,0,1
414750044_1,0,1
414750044_1_r,0,1
414750044_2,0,1
414750044_2_r,0,1
414750044_3,0,1
414750044_3_r,0,1
414750044_4,0,1
414750044_4_r,0,1
414750044_5,0,1
414750044_5_r,0,1
414750044_6,0,1
414750044_6_r,0,1
414750044_7,0,1
414750044_7_r,0,1
414750044_8,0,1
414750044_8_r,0,1
414750044_9,0,1
414750044_9_r,0,1
414751458_0,0,1
414751458_0_r,0,1
414751576_0,0,1
414751576_0_r,0,1
414751576_1,0,1
414751576_1_r,0,1
414751576_2,0,1
414751576_2_r,0,1
414751576_3,0,1
414751576_3_r,0,1
414751576_4,0,1
414751576_4_r,0,1
414893144_0,0,1
414894542_0,0,1
414894542_1,0,1
414894542_2,0,1
41520108_0,0,1
415619451_0,0,1
415619451_0_r,0,1
415849235_0,0,1
415849235_1,0,1
415882710_0,1,1
420281338_0,0,1
420281339_0,0,1
420351718_0,0,1
420351719_0,0,1
420351720_0,0,1
420351721_0,0,1
420351722_0,0,1
420351723_0,0,1
420351724_0,0,1
420351725_0,0,1
420352240_0,0,1
420352241_0,0,1
420352242_0,0,1
420352243_0,0,1
420352244_0,0,1
420352245_0,0,1
420352246_0,0,1
420352246_1,0,1
420352246_2,0,1
420352247_0,0,1
420352248_0,0,1
420352249_0,0,1
420352249_1,0,1
420352250_0,0,1
420352250_1,0,1
420352250_2,0,1
420352251_0,0,1
420354140_0,0,1
420354141_0,0,1
420354142_0,0,1
420354142_0_r,0,1
420354145_0,0,1
420354146_0,0,1
420354147_0,0,1
420354355_0,0,1
420354355_0_r,0,1
420354360_0,0,1
420354360_0_r,0,1
420354362_0,0,1
420354362_0_r,0,1
420354363_0,0,1
420354363_0_r,0,1
420354364_0,0,1
420354364_0_r,0,1
420354365_0,0,1
420354365_0_r,0,1
420355076_0,0,1
420355077_0,0,1
420355078_0,0,1
420355079_0,0,1
420355080_0,0,1
420355081_0,0,1
420355081_0_r,0,1
420355082_0,0,1
420355083_0,0,1
420356168_0,0,1
420356168_0_r,0,1
420356169_0,0,1
420356169_0_r,0,1
420356169_1,0,1
420356169_1_r,0,1
420356170_0,0,1
420356170_0_r,0,1
420356171_0,0,1
420356171_1,0,1
420356172_0,0,1
420356173_0,0,1
420356798_0,0,1
420357249_0,0,1
420357267_0,0,1
420357268_0,0,1
420357269_0,0,1
420358886_0,0,1
420358886_0_r,0,1
420358887_0,0,1
420358887_0_r,0,1
420358888_0,0,1
420358888_0_r,0,1
420358888_1,0,1
420358888_1_r,0,1
420358889_0,0,1
420358890_0,0,1
420358891_0,0,1
420358892_0,0,1
420358893_0,0,1
420358894_0,0,1
420358895_0,0,1
420358896_0,0,1
420358896_1,0,1
420358896_2,0,1
420358897_0,0,1
420358898_0,0,1
420358898_1,0,1
420358898_2,0,1
420358898_3,0,1
420494981_0,0,1
420496090_0,0,1
420496090_1,0,1
420496091_4,1,1
420496529_0,0,1
420499931_0,0,1
420499932_0,0,1
420499932_1,0,1
420499932_2,0,1
420509471_0,0,1
420509471_0_r,0,1
420512231_0,0,1
420512231_1,0,1
420512231_2,0,1
420512232_0,0,1
420514148_0,0,1
420514148_1,0,1
420514149_0,0,1
420514149_1,0,1
420519634_0,0,1
420519634_0_r,0,1
420519634_1,0,1
420519634_1_r,0,1
420519635_0,0,1
420519635_1,0,1
420519635_2,0,1
420520112_0,0,1
420520113_0,0,1
420520113_1,0,1
420522443_0,0,1
420522443_0_r,0,1
420522443_1,0,1
420522443_1_r,0,1
420522444_0,0,1
420522695_0,0,1
420522695_0_r,0,1
420526338_0,0,1
420526338_0_r,0,1
420530113_0,0,1
420530113_1,0,1
420530114_0,0,1
420530114_1,0,1
420530114_2,0,1
420530114_3,0,1
420598230_0,0,1
420598230_1,0,1
420598230_2,0,1
420598230_3,0,1
420598232_0,0,1
420598234_0,0,1
420598236_0,0,1
420598238_0,0,1
420598241_0,0,1
420598248_0,0,1
420598252_0,0,1
420598256_0,0,1
420598262_0,0,1
420598262_1,0,1
420598266_0,0,1
420598270_0,0,1
420598275_0,0,1
420598281_0,0,1
420598286_0,0,1
420598289_0,0,1
420598294_0,0,1
420598299_0,0,1
420598304_0,0,1
420598310_0,0,1
420598313_0,0,1
420598323_0,0,1
420598323_1,0,1
420598323_2,0,1
420598327_0,0,1
420598330_0,0,1
420598330_1,0,1
420598330_2,0,1
420598332_0,0,1
420598333_0,0,1
420598335_0,0,1
420598337_0,0,1
420598339_0,0,1
420598345_0,0,1
420598349_0,0,1
420598356_0,0,1
420598366_0,0,1
420598366_1,0,1
420598373_0,0,1
420598373_0_r,0,1
420598391_0,0,1
420598398_0,0,1
420598402_0,0,1
420598407_0,0,1
420598407_0_r,0,1
420598415_0,0,1
420598415_0_r,0,1
420629927_0,0,1
420629930_0,0,1
420629936_0,0,1
420629940_0,0,1
420802027_0,0,1
420802028_0,0,1
420802028_1,0,1
420806145_0,0,1
420806146_0,0,1
420809408_0,0,1
420809409_0,0,1
420809411_0,0,1
420809411_1,0,1
420809412_0,0,1
420809413_0,0,1
420809414_0,0,1
420809415_0,1,1
420809417_0,0,1
420809417_1,0,1
420809419_0,0,1
420809419_1,0,1
420809419_2,0,1
420809419_3,0,1
420809419_4,0,1
420810619_0,0,1
420810620_0,0,1
420810620_1,0,1
420810621_0,0,1
420810622_0,0,1
420810622_1,0,1
420810623_0,0,1
420872176_0,0,1
420872177_0,0,1
420872179_0,0,1
420872180_0,0,1
420872180_1,0,1
420872180_2,0,1
420872180_3,0,1
420872181_0,0,1
420872183_0,0,1
420872184_0,0,1
420872186_0,0,1
420872188_0,0,1
420872190_0,0,1
420872191_0,0,1
420872193_0,0,1
420872193_1,0,1
420872194_0,0,1
420872195_0,0,1
420872197_0,0,1
420872197_0_r,0,1
420872199_0,0,1
420872199_0_r,1,1
420872201_0,0,1
420872201_0_r,0,1
420872204_0,0,1
420872204_0_r,0,1
420872205_0,1,1
420872205_0_r,0,1
420872208_0,0,1
420872208_0_r,0,1
420872209_0,0,1
420872209_0_r,0,1
420872210_0,0,1
420872212_0,0,1
420872214_0,0,1
420884506_0,0,1
420884506_0_r,1,1
420888143_0,1,1
420888144_0,0,1
420888146_0,1,1
420888147_0,0,1
420888149_0,0,1
420888150_0,0,1
420888154_0,1,1
420890022_0,0,1
420890023_0,0,1
420890024_0,0,1
420890025_0,0,1
420890026_0,0,1
420890027_0,0,1
420890028_0,0,1
420890029_0,0,1
420890074_0,0,1
420890074_0_r,0,1
420890077_0,0,1
420890077_0_r,0,1
420890080_0,1,1
420890085_0,0,1
420890088_0,0,1
420890089_0,0,1
420890090_0,0,1
420890091_0,0,1
420892262_0,0,1
420892263_0,0,1
420892264_0,0,1
420892265_0,0,1
420892266_0,0,1
420892267_0,0,1
420892268_0,0,1
420892269_0,0,1
420892270_0,0,1
420892271_0,0,1
420892272_0,0,1
420892273_0,0,1
420892274_0,0,1
420892275_0,0,1
420894329_0,0,1
420894329_0_r,0,1
420894330_0,0,1
420894330_0_r,0,1
420894331_0,0,1
420894331_0_r,0,1
420894332_0,0,1
420894332_0_r,0,1
420894333_0,0,1
420894333_0_r,0,1
420894334_0,0,1
420894334_0_r,0,1
420894335_0,0,1
420894335_0_r,0,1
420894336_0,0,1
420894336_0_r,0,1
420894337_0,0,1
420894337_0_r,0,1
420894338_0,0,1
420894338_0_r,0,1
420894339_0,0,1
420894339_0_r,0,1
420894342_0,0,1
420894342_0_r,0,1
420894345_0,0,1
420894345_0_r,0,1
420894349_0,0,1
420894349_0_r,0,1
420894352_0,0,1
420894352_0_r,0,1
420894357_0,0,1
420894357_0_r,0,1
420894357_1,0,1
420894357_1_r,0,1
420894361_0,0,1
420894361_0_r,0,1
420894361_1,0,1
420894361_1_r,0,1
420894361_2,0,1
420894361_2_r,0,1
420894361_3,0,1
420894361_3_r,0,1
420894376_0,0,1
420894376_0_r,1,1
420895278_0,0,1
420895279_0,0,1
420895280_0,0,1
420895282_0,0,1
420895282_1,0,1
420895282_2,0,1
420895282_3,0,1
420895283_0,0,1
420895283_1,0,1
420895285_0,0,1
420895732_0,0,1
420895732_0_r,0,1
420895732_1,0,1
420895732_1_r,0,1
420899371_0,0,1
420899371_0_r,0,1
420899372_0,0,1
420899372_0_r,0,1
420899372_1,0,1
420899372_1_r,0,1
420899372_2,0,1
420899372_2_r,0,1
420899373_0,0,1
420899373_0_r,0,1
420901664_0,0,1
420901668_0,0,1
420901669_0,0,1
420901671_0,0,1
420901672_0,0,1
420901673_0,0,1
420901677_0,0,1
420901679_0,0,1
420901680_0,0,1
420901681_0,0,1
420901682_0,0,1
420901683_0,0,1
420901686_0,0,1
420901686_1,0,1
420901690_0,0,1
420901690_1,0,1
420901917_0,0,1
420901918_0,0,1
420901919_0,0,1
420901920_0,0,1
420901920_1,0,1
420901920_2,0,1
420901921_0,0,1
420901922_0,0,1
420901923_0,0,1
420901924_0,0,1
420901925_0,0,1
420902584_0,0,1
420902584_1,0,1
420902585_0,0,1
420902585_1,0,1
420902585_2,0,1
420902585_3,0,1
420902585_4,0,1
420902874_0,0,1
420902878_0,0,1
420902883_0,0,1
420902883_1,0,1
420903239_0,0,1
420903239_0_r,0,1
420903240_0,0,1
420904615_0,0,1
420904617_0,0,1
420904618_0,0,1
420904618_0_r,0,1
420904620_0,0,1
420904620_0_r,0,1
420904621_0,0,1
420904621_0_r,0,1
420904621_1,0,1
420904621_1_r,0,1
420904621_2,0,1
420904621_2_r,0,1
420904657_0,0,1
420904658_0,0,1
420904658_0_r,0,1
420904659_0,0,1
420904659_0_r,0,1
420904660_0,0,1
420905128_0,0,1
420905129_0,0,1
420905130_0,0,1
420905200_0,0,1
420906743_0,0,1
420906745_0,0,1
420906747_0,0,1
420906748_0,0,1
420906748_1,0,1
420906750_0,0,1
420906752_0,0,1
420906753_0,0,1
420906755_0,0,1
420906755_1,0,1
420907902_0,0,1
420907903_0,0,1
420907906_0,0,1
420907906_1,0,1
420907906_2,0,1
420907906_3,0,1
420907907_0,0,1
420907908_0,0,1
420907908_1,0,1
420907908_2,0,1
420908127_0,0,1
420908128_0,0,1
420908135_0,0,1
420908135_0_r,1,1
420908137_0,0,1
420908137_1,0,1
420908138_0,0,1
421824309_0,0,1
421824309_0_r,0,1
421824590_0,0,1
421825692_0,0,1
421825692_1,0,1
421825692_2,0,1
421825692_3,0,1
421825692_4,0,1
421825692_5,0,1
421825692_6,0,1
421825692_7,0,1
421825693_0,0,1
421825694_0,0,1
421825695_0,0,1
421825696_0,0,1
421826772_0,0,1
421826772_0_r,0,1
421826773_0,0,1
421826773_0_r,0,1
421826774_0,0,1
421827957_0,0,1
421827958_0,0,1
421827959_0,0,1
421827960_0,0,1
421827961_0,0,1
421827962_0,0,1
421827963_0,0,1
421830008_0,0,1
421830413_0,0,1
421831216_0,0,1
421831216_0_r,0,1
421832640_0,0,1
421832641_0,0,1
421832642_0,0,1
421832642_0_r,0,1
421832643_0,0,1
421832644_0,0,1
421832644_1,0,1
421832644_2,0,1
421832646_0,0,1
421832647_0,0,1
421832648_0,0,1
421850829_0,0,1
421850830_0,0,1
421850830_1,0,1
421851200_0,0,1
421851200_0_r,0,1
421851201_0,0,1
421851201_0_r,0,1
421851202_0,0,1
421851202_0_r,0,1
421852042_0,0,1
421852042_0_r,0,1
421852618_0,0,1
421852619_0,0,1
421852619_1,0,1
422298615_0,0,1
422298615_1,0,1
424094336_0,0,1
424137951_0,0,1
424137951_0_r,0,1
425109409_0,0,1
425109410_0,0,1
425335557_0,0,1
425619488_0,0,1
425619488_1,0,1
425619488_2,0,1
42786502_0,0,1
42786502_0_r,0,1
42786502_1,0,1
42786502_1_r,0,1
428569356_0,0,1
428569356_0_r,0,1
428569470_0,0,1
428569470_1,0,1
428569470_2,0,1
429041291_0,0,1
429041291_0_r,0,1
429041291_1,0,1
429041291_1_r,0,1
429041291_2,0,1
429041291_2_r,0,1
429041293_0,0,1
429041293_0_r,0,1
430380405_0,0,1
430380405_1,0,1
430380405_2,0,1
430408061_0,0,1
430408061_0_r,0,1
430610046_0,0,1
430610061_0,0,1
430610882_0,0,1
430610885_0,0,1
430610888_0,0,1
430610890_0,0,1
430822974_0,1,1
430822974_0_r,0,1
430823735_0,0,1
430823735_0_r,0,1
430823736_0,0,1
430823736_0_r,0,1
430823738_0,0,1
430823738_0_r,0,1
430829640_0,0,1
430829640_0_r,0,1
430829648_0,1,1
430829648_0_r,0,1
430829693_0,0,1
430829693_0_r,0,1
430840799_0,0,1
430840799_0_r,0,1
430868628_0,0,1
430868628_0_r,0,1
430868628_1,0,1
430868628_1_r,0,1
430868634_0,0,1
430868634_0_r,0,1
43203195_0,0,1
433124968_0,0,1
433124968_1,0,1
433124968_2,0,1
433124968_3,0,1
433124968_4,0,1
433124968_5,0,1
433124968_6,0,1
433124968_7,0,1
433124996_0,0,1
433394637_0,0,1
433394647_0,0,1
433398367_0,0,1
433442259_0,0,1
433442263_0,0,1
438366913_0,0,1
438366913_0_r,0,1
438366913_1,0,1
438366913_1_r,0,1
438366913_2,0,1
438366913_2_r,0,1
438375431_0,0,1
438375431_0_r,0,1
438381568_0,0,1
438381568_0_r,0,1
438381568_1,0,1
438381568_1_r,0,1
438381568_2,0,1
438381568_2_r,0,1
438381568_3,0,1
438381568_3_r,0,1
438382685_0,0,1
438382685_0_r,0,1
438384692_0,0,1
438384692_0_r,0,1
438384693_0,0,1
438384693_1,0,1
438384743_0,0,1
438385431_0,0,1
438385431_1,0,1
438385431_2,0,1
438385431_3,0,1
438388090_0,0,1
438388090_0_r,0,1
438388090_1,0,1
438388090_1_r,0,1
438389785_0,0,1
438389785_0_r,0,1
438389786_0,0,1
438389786_0_r,0,1
438389786_1,0,1
438389786_1_r,0,1
438390724_0,0,1
438390724_0_r,0,1
438390724_1,0,1
438390724_1_r,0,1
438390724_2,0,1
438390724_2_r,0,1
438397345_0,0,1
438901171_0,0,1
438901171_0_r,0,1
438901427_0,0,1
438901427_0_r,0,1
438901427_1,0,1
438901427_1_r,0,1
438901945_0,0,1
438901945_0_r,0,1
439768850_0,0,1
439768851_0,0,1
439768852_0,0,1
439801901_0,0,1
439801902_0,0,1
439801903_0,0,1
439842751_0,0,1
439842754_0,0,1
439842757_0,0,1
439842757_1,0,1
439842761_0,0,1
439842761_1,0,1
439842794_0,0,1
439842794_0_r,0,1
439842799_0,0,1
439842799_0_r,0,1
439842805_0,0,1
439842808_0,0,1
439842812_0,0,1
439842820_0,0,1
439842820_0_r,0,1
439842823_0,0,1
439842827_0,0,1
439842827_0_r,0,1
439842831_0,0,1
439842831_1,0,1
439842831_2,0,1
439842831_3,0,1
439842831_4,0,1
439842834_0,0,1
439842835_0,0,1
439842835_1,0,1
439842836_0,0,1
439842836_1,0,1
439842836_2,0,1
439842837_0,0,1
439842837_1,0,1
439842837_2,0,1
439842837_3,0,1
439842838_0,0,1
439933928_0,0,1
439933928_1,0,1
439933928_2,0,1
439933929_0,0,1
439933931_0,0,1
439933932_0,0,1
439933933_0,0,1
439933934_0,0,1
439933935_0,0,1
439933935_1,0,1
439933935_2,0,1
439933935_3,0,1
439933936_0,0,1
439933940_0,0,1
439933942_0,0,1
439933943_0,0,1
439933944_0,0,1
439933945_0,0,1
439933945_1,0,1
439933946_0,0,1
439933947_0,0,1
439933948_0,0,1
439933948_1,0,1
439933948_2,0,1
439933948_3,0,1
439933949_0,0,1
439933951_0,0,1
440122868_0,0,1
440268560_0,0,1
440681436_0,0,1
440681436_0_r,0,1
440681436_1,0,1
440681436_1_r,0,1
440681437_0,0,1
440681437_0_r,0,1
440681437_1,0,1
440681437_1_r,0,1
440681437_2,0,1
440681437_2_r,0,1
441167004_0,0,1
441167004_1,0,1
441167005_0,0,1
441167005_0_r,0,1
441405435_0,0,1
441405436_0,0,1
441405436_1,0,1
44165026_0,0,1
44165029_0,0,1
44165030_0,0,1
44165031_0,0,1
44165031_1,0,1
44165033_0,0,1
44165033_1,0,1
443649237_0,0,1
443649237_0_r,1,1
446193620_0,0,1
446864088_0,0,1
446864089_0,0,1
446864090_0,0,1
446864091_0,0,1
446864091_1,0,1
446864091_2,0,1
446864091_3,0,1
446864091_4,0,1
447001270_0,0,1
447001271_0,0,1
447001271_1,0,1
447001271_2,0,1
447001272_0,0,1
447001272_1,0,1
447001272_2,0,1
447018423_0,0,1
447018423_1,0,1
447018423_2,0,1
448686048_0,0,1
450807242_0,0,1
450896752_0,0,1
451808492_0,0,1
451808492_1,0,1
451808492_2,0,1
451808493_0,0,1
451808493_1,0,1
451808493_2,0,1
451808494_0,0,1
451808494_1,0,1
451904646_0,0,1
451905565_0,0,1
451905565_1,0,1
451905565_2,0,1
451905565_3,0,1
451954038_0,0,1
451954038_1,0,1
451954039_0,0,1
451954039_0_r,0,1
451954039_1,0,1
451954039_1_r,0,1
451954039_2,0,1
451954039_2_r,0,1
451954039_3,0,1
451954039_3_r,0,1
451954041_0,0,1
451954041_1,0,1
451954042_0,0,1
451954042_0_r,0,1
451954043_0,0,1
451954043_0_r,0,1
451954044_0,0,1
451954044_0_r,0,1
451954044_1,0,1
451954044_1_r,0,1
451954045_0,0,1
451954045_1,0,1
451954045_2,0,1
451954045_3,0,1
451954046_0,0,1
451954046_1,0,1
451954047_0,0,1
451954047_0_r,0,1
451954060_0,0,1
451954843_0,0,1
452098020_0,1,1
452319507_0,0,1
452319507_1,0,1
452319915_0,0,1
452322756_0,0,1
452322756_1,0,1
452322756_2,0,1
452322756_3,0,1
452322757_0,0,1
452339695_0,0,1
452339695_0_r,0,1
452339696_0,0,1
452339696_1,0,1
452339697_0,0,1
452339698_0,0,1
452339699_0,0,1
452339699_1,0,1
452339699_2,0,1
452487048_1,1,1
452492203_0,0,1
452617300_0,0,1
452617300_0_r,0,1
452617301_0,0,1
452617301_0_r,0,1
452617303_0,0,1
452617303_0_r,0,1
453143511_0,0,1
453239582_0,0,1
453239582_0_r,0,1
453239584_0,0,1
453239584_0_r,0,1
453242694_0,0,1
453242694_0_r,0,1
453323025_0,0,1
453367786_0,0,1
453367786_1,0,1
453367786_2,0,1
453367786_3,0,1
453456963_0,0,1
453456963_0_r,0,1
453527688_0,0,1
453527688_0_r,0,1
453527689_0,0,1
453527689_0_r,0,1
453527689_1,0,1
453527689_1_r,0,1
453937514_0,0,1
453937514_0_r,0,1
454031476_0,0,1
454031476_0_r,0,1
454031476_1,0,1
454031476_1_r,0,1
454963832_0,0,1
454963832_0_r,0,1
454963832_1,0,1
454963832_1_r,0,1
454963832_2,0,1
454963832_2_r,0,1
455122830_0,0,1
455122830_1,0,1
455125048_0,0,1
455125049_0,0,1
455501315_0,0,1
455501322_0,0,1
455501328_0,0,1
455678353_0,0,1
455678353_1,0,1
455678353_2,0,1
456308943_0,0,1
456308943_1,0,1
456308944_0,0,1
456308945_0,0,1
456313635_0,0,1
456313638_0,0,1
456315007_0,0,1
456315007_0_r,0,1
456323427_0,0,1
456409016_0,0,1
456409017_0,0,1
456409017_1,0,1
456409065_0,0,1
456447349_0,0,1
457937084_0,0,1
457937084_1,0,1
457937084_2,0,1
457937087_0,0,1
457937091_0,0,1
457948936_0,0,1
458106344_0,0,1
458106345_0,0,1
458106345_1,0,1
458106345_2,0,1
458106346_0,0,1
458106346_1,0,1
458106346_2,0,1
458106347_0,0,1
458106348_0,0,1
458106348_0_r,0,1
458166892_0,0,1
458166892_1,0,1
458166893_0,0,1
458166893_1,0,1
458166893_2,0,1
458166894_0,0,1
458166895_0,0,1
458166895_1,0,1
458166896_0,0,1
458166896_1,0,1
458166896_2,0,1
458166896_3,0,1
458166896_4,0,1
458166896_5,0,1
458166896_6,0,1
458166896_7,0,1
458166896_8,0,1
458166896_9,0,1
458166897_0,0,1
458166897_1,0,1
458166897_10,0,1
458166897_11,0,1
458166897_12,0,1
458166897_13,0,1
458166897_14,0,1
458166897_15,0,1
458166897_16,0,1
458166897_17,0,1
458166897_18,0,1
458166897_19,0,1
458166897_2,0,1
458166897_3,0,1
458166897_4,0,1
458166897_5,0,1
458166897_6,0,1
458166897_7,0,1
458166897_8,0,1
458166897_9,0,1
458177128_0,0,1
458177128_1,0,1
458177128_2,0,1
458177129_0,0,1
458177130_0,0,1
458177131_0,0,1
458177131_1,0,1
458177133_0,0,1
458177133_1,0,1
458177133_2,0,1
458180181_0,0,1
458180181_1,0,1
458180182_0,0,1
458180183_0,0,1
458180184_0,0,1
458180184_1,0,1
458180185_0,0,1
458180185_1,0,1
458180186_0,0,1
458180186_1,0,1
458180186_2,0,1
458180186_3,0,1
458180187_0,0,1
458180187_1,0,1
458180187_2,0,1
458180188_0,0,1
458180188_1,0,1
458180189_0,0,1
458180190_0,0,1
458180191_0,0,1
458180191_1,0,1
458180191_2,0,1
458180192_0,0,1
458180192_1,0,1
458180192_2,0,1
458180193_0,0,1
458180193_1,0,1
458180193_2,0,1
458180194_0,0,1
458180195_0,0,1
458180196_0,0,1
458180197_0,0,1
458180198_0,0,1
458180198_1,0,1
458180199_0,0,1
458180200_0,0,1
458387408_0,0,1
458387409_0,0,1
458452178_0,0,1
458452178_0_r,0,1
458642436_0,0,1
458642436_0_r,0,1
458672836_0,0,1
458672836_0_r,0,1
459810322_0,0,1
459810322_0_r,0,1
459815269_0,0,1
459815269_0_r,0,1
459815269_1,0,1
459815269_1_r,0,1
459815270_0,0,1
459815270_0_r,0,1
459815271_0,0,1
459815271_0_r,0,1
459815272_0,0,1
459815272_0_r,0,1
459887200_0,0,1
459887200_0_r,0,1
459887201_0,0,1
459887201_0_r,0,1
459887831_0,0,1
459890316_0,0,1
459890317_0,0,1
459890406_0,0,1
459890407_0,0,1
459891137_0,0,1
459891138_0,0,1
459891139_0,0,1
460065820_0,0,1
460065821_0,0,1
460065822_0,0,1
460067515_0,0,1
460069727_0,0,1
460332196_0,0,1
460332196_0_r,0,1
460332197_0,0,1
460332197_0_r,0,1
460332197_1,0,1
460332197_1_r,0,1
460534165_0,0,1
460534165_0_r,0,1
460585328_0,0,1
460585328_1,0,1
460585328_10,0,1
460585328_2,0,1
460585328_3,0,1
460585328_4,0,1
460585328_5,0,1
460585328_6,0,1
460585328_7,0,1
460585328_8,0,1
460585328_9,0,1
460589632_0,0,1
460589632_0_r,0,1
460604907_0,0,1
460606347_0,0,1
460606348_0,0,1
460606348_1,0,1
460624363_0,0,1
460624363_0_r,0,1
460624365_0,0,1
460624365_1,0,1
460624365_2,0,1
46116183_0,0,1
46116314_0,0,1
46116314_0_r,0,1
46116316_0,1,1
46116326_0,0,1
46116329_0,0,1
46116332_0,0,1
46116390_0,0,1
46116390_1,0,1
46116390_2,0,1
46116390_3,0,1
46116403_0,0,1
46116403_0_r,0,1
46116435_0,0,1
46116435_1,0,1
46116441_0,0,1
46116442_0,0,1
46139020_0,0,1
46139021_0,0,1
46139021_0_r,0,1
46139023_0,0,1
46139023_1,0,1
46139027_0,0,1
46139029_0,0,1
46139033_0,0,1
46139034_0,0,1
46139034_1,0,1
46139034_2,0,1
46139034_3,0,1
46139034_4,0,1
46139034_5,0,1
46139035_0,0,1
46139036_0,0,1
46139036_1,0,1
46139037_0,0,1
46139037_1,0,1
46139037_2,0,1
46139038_0,0,1
46139038_1,0,1
46139038_2,0,1
46139038_3,0,1
46139039_0,0,1
46139039_1,0,1
46139039_2,0,1
46139039_3,0,1
46139039_4,0,1
46139039_5,0,1
46139040_0,0,1
46139040_1,0,1
46139040_2,0,1
46139040_3,0,1
46139041_0,0,1
46139042_0,0,1
46139043_0,0,1
46139043_0_r,0,1
46139045_0,0,1
46139046_0,0,1
46139046_1,0,1
46139046_2,0,1
46139047_0,0,1
46139048_0,0,1
46139048_1,0,1
46139048_2,0,1
46154281_0,0,1
46154281_0_r,0,1
46154282_0,0,1
46154285_0,0,1
46154285_1,0,1
46154289_0,0,1
46154289_0_r,0,1
46154291_0,0,1
46154291_0_r,0,1
46154294_0,0,1
46154294_0_r,0,1
46154296_0,0,1
46154296_1,0,1
46154296_2,0,1
46154296_3,0,1
46154300_0,0,1
46154300_1,0,1
46154300_2,0,1
46154324_0,1,1
46154327_0,0,1
46154327_1,0,1
46154327_2,0,1
46154327_3,0,1
46154330_0,0,1
46154330_0_r,0,1
46154330_1,0,1
46154330_1_r,0,1
46154330_2,0,1
46154330_2_r,0,1
46154330_3,0,1
46154330_3_r,0,1
46154332_0,1,1
46154332_1,0,1
46154332_2,0,1
46154338_0,0,1
46154338_1,0,1
46154338_2,0,1
46154338_3,0,1
46156708_0,0,1
46160098_0,0,1
46160106_0,1,1
46160106_0_r,0,1
46160153_0,0,1
46160153_1,0,1
46160225_0,0,1
46160225_1,0,1
46160244_0,1,1
46160330_0,0,1
46160330_1,0,1
46160330_2,0,1
46160330_3,0,1
46160365_0,0,1
46160365_1,0,1
46160365_2,0,1
46160365_3,0,1
46160365_4,0,1
46160365_5,0,1
46160365_6,0,1
46160386_0,0,1
46160403_0,0,1
46160403_0_r,0,1
46160404_0,1,1
46160404_0_r,0,1
46160404_1,0,1
46160404_1_r,0,1
46160404_2,0,1
46160404_2_r,0,1
46160404_3,0,1
46160404_3_r,0,1
46160404_4,0,1
46160404_4_r,0,1
46160406_0,0,1
46160406_1,0,1
46165807_0,0,1
46165807_0_r,0,1
46165809_0,0,1
46165809_0_r,0,1
46165810_0,0,1
46165812_0,0,1
46165812_0_r,0,1
46165812_1,0,1
46165812_1_r,1,1
46165815_0,0,1
46165815_0_r,0,1
46165815_1,0,1
46165815_1_r,0,1
46165819_0,0,1
46165819_0_r,0,1
46165821_0,0,1
46165821_0_r,0,1
46166212_0,0,1
46166212_0_r,0,1
46166212_1,0,1
46166212_1_r,0,1
46166213_0,0,1
46171876_0,0,1
46171876_1,0,1
46171876_10,0,1
46171876_11,0,1
46171876_12,0,1
46171876_13,0,1
46171876_14,0,1
46171876_15,0,1
46171876_16,0,1
46171876_2,0,1
46171876_3,0,1
46171876_4,0,1
46171876_5,0,1
46171876_6,0,1
46171876_7,0,1
46171876_8,0,1
46171876_9,0,1
46171878_0,0,1
46171878_1,0,1
46171878_2,0,1
46171878_3,0,1
46171879_0,0,1
46171879_1,0,1
46171880_0,0,1
46171883_0,0,1
46171883_1,0,1
46171884_0,0,1
46171884_1,0,1
46171887_0,0,1
46171888_0,0,1
46171889_0,0,1
46171889_1,0,1
46171907_0,0,1
46179210_0,1,1
46179212_0,0,1
46179217_0,0,1
46189288_0,0,1
46189291_0,0,1
46189305_0,1,1
46201628_1,1,1
46201630_0,0,1
46201642_0,0,1
46201643_0,0,1
46201649_0,0,1
46201655_0,1,1
46201655_0_r,0,1
46201655_1,0,1
46201655_1_r,0,1
46201655_2,0,1
46201655_2_r,0,1
46201665_0,0,1
46201668_0,0,1
46201668_0_r,0,1
46201668_1,0,1
46201668_1_r,0,1
46201668_2,0,1
46201668_2_r,0,1
46201677_0,0,1
46201677_1,0,1
46201677_2,0,1
46201677_3,0,1
46201679_0,0,1
46201679_0_r,0,1
46201679_1,0,1
46201679_1_r,0,1
46211829_0,0,1
46211829_1,0,1
46211831_0,0,1
46211834_0,0,1
46211834_0_r,1,1
46211835_0,0,1
46211835_0_r,0,1
46211836_0,0,1
46211836_1,0,1
46211841_0,0,1
46211841_0_r,1,1
46211851_0,0,1
46211851_0_r,0,1
46211851_1,0,1
46211851_1_r,0,1
46211851_2,0,1
46211851_2_r,1,1
46224832_0,0,1
46224832_1,0,1
46224832_2,0,1
46226332_0,0,1
46226332_1,0,1
46226335_0,0,1
46240204_0,0,1
46240204_1,0,1
46240204_2,0,1
46240204_3,0,1
463033874_0,1,1
463034243_0,0,1
463034243_1,0,1
463035747_0,0,1
463035843_0,0,1
46332295_0,0,1
46332295_0_r,0,1
46332295_1,0,1
46332295_1_r,0,1
46332295_2,0,1
46332295_2_r,0,1
46332295_3,0,1
46332295_3_r,0,1
46332297_0,0,1
46332299_0,0,1
46332299_1,0,1
46332300_0,0,1
46332300_1,0,1
46332301_0,0,1
46332301_1,0,1
46332301_2,0,1
46332301_3,0,1
46332301_4,0,1
46332301_5,0,1
46332304_0,0,1
46332304_0_r,0,1
46332307_0,0,1
46332307_0_r,0,1
46334593_0,0,1
46334594_0,0,1
46334594_1,0,1
46334594_2,0,1
46334594_3,0,1
46334595_0,0,1
46334595_1,0,1
46334596_0,0,1
46334597_0,0,1
46334598_0,0,1
46334598_1,0,1
46334598_2,0,1
46334599_0,0,1
46334599_1,0,1
46334599_2,0,1
46334599_3,0,1
46334600_0,0,1
46334602_0,0,1
46334602_1,0,1
46334603_0,1,1
46334662_0,0,1
46334663_0,0,1
46348767_0,0,1
46348767_1,0,1
46348767_2,0,1
46348767_3,0,1
46348767_4,0,1
46348767_5,0,1
46348768_0,0,1
46348783_0,0,1
46348787_0,0,1
46348787_0_r,0,1
46348787_1,0,1
46348787_1_r,0,1
46348790_0,0,1
46348791_0,0,1
46348792_0,0,1
46348792_0_r,0,1
46349386_0,0,1
46349386_0_r,0,1
46349386_1,0,1
46349386_1_r,0,1
46349386_2,0,1
46349386_2_r,0,1
46349390_0,0,1
46349390_1,0,1
46349393_0,0,1
46350693_0,0,1
46350693_1,0,1
46350694_0,0,1
46350694_1,0,1
46350694_2,0,1
46350695_0,0,1
46350695_0_r,0,1
46350707_0,0,1
46350707_1,0,1
46350707_2,0,1
46350707_3,0,1
46350707_4,0,1
46350710_0,0,1
46351263_0,0,1
463532615_0,0,1
46359922_0,1,1
46361719_0,0,1
46419222_0,0,1
46419222_1,0,1
46420287_0,0,1
46431818_0,0,1
46431822_0,0,1
46431822_1,0,1
46431822_2,0,1
46431823_0,1,1
46431823_1,0,1
46431823_2,0,1
46431825_0,0,1
46431825_0_r,1,1
46431829_0,0,1
46431829_1,0,1
46431829_2,0,1
46432181_0,0,1
46432181_0_r,0,1
46432183_0,0,1
46432183_1,0,1
46432184_1,1,1
46432184_1_r,0,1
46432184_2,0,1
46432184_2_r,0,1
46432184_3,0,1
46432184_3_r,0,1
46432185_0,0,1
46432185_1,0,1
46432185_2,0,1
46432187_0,1,1
46435596_0,0,1
46435596_1,0,1
46435596_2,0,1
46435596_3,0,1
46435602_1,1,1
46435602_2,0,1
46435602_3,0,1
46435602_4,0,1
46435602_5,0,1
46435621_0,0,1
46435621_1,0,1
46435657_0,0,1
46443559_0,0,1
46443559_0_r,1,1
46443582_0,0,1
46443594_0,1,1
46443594_0_r,0,1
46443634_0,0,1
46443634_0_r,1,1
46443639_0,0,1
46443639_0_r,1,1
46443649_0,0,1
46443656_0,0,1
46443656_1,0,1
46443656_10,0,1
46443656_11,0,1
46443656_12,0,1
46443656_2,0,1
46443656_3,0,1
46443656_4,0,1
46443656_5,0,1
46443656_6,0,1
46443656_7,0,1
46443656_8,0,1
46443656_9,0,1
464515259_0,0,1
464515259_1,0,1
464515259_2,0,1
464515259_3,0,1
464515259_4,0,1
464515259_5,0,1
464515614_0,0,1
464515614_1,0,1
464515614_2,0,1
464515614_3,0,1
464515890_0,0,1
464515891_0,0,1
464516471_0,0,1
464516471_1,0,1
464516471_2,0,1
464516471_3,0,1
464516471_4,0,1
464516471_5,0,1
464516471_6,0,1
464522037_0,0,1
464522037_1,0,1
464522037_10,0,1
464522037_11,0,1
464522037_2,0,1
464522037_3,0,1
464522037_4,0,1
464522037_5,0,1
464522037_6,0,1
464522037_7,0,1
464522037_8,0,1
464522037_9,0,1
464543614_0,0,1
464543615_0,0,1
464543615_1,0,1
464543615_2,0,1
464683313_0,0,1
464683313_0_r,0,1
464683314_0,0,1
464683315_0,0,1
464683316_0,0,1
464683316_1,0,1
464683317_0,0,1
464683318_0,0,1
464683319_0,0,1
464683320_0,0,1
464683321_0,0,1
464683322_0,0,1
464683322_1,0,1
464683323_0,0,1
464683324_0,0,1
464683326_0,0,1
464683326_1,0,1
464683327_0,0,1
464683328_0,0,1
464683329_0,0,1
464683329_1,0,1
464683329_2,0,1
464683329_3,0,1
464683336_0,0,1
464683339_0,0,1
464683339_1,0,1
464683339_2,0,1
464683341_0,0,1
464683341_1,0,1
464683344_0,0,1
46469718_0,0,1
46469719_0,0,1
46469720_0,0,1
46469720_1,0,1
46469721_0,0,1
46469722_0,0,1
46469723_0,0,1
46469724_0,1,1
46469724_1,0,1
46469725_0,0,1
46469725_0_r,0,1
46469726_0,0,1
46469727_0,0,1
46469727_1,0,1
46469729_0,0,1
46469729_1,0,1
46469730_0,0,1
46469731_0,0,1
46469731_1,0,1
46469731_2,0,1
46469731_3,0,1
46469732_0,0,1
46469732_0_r,0,1
46469733_0,0,1
46469733_1,0,1
46469736_0,0,1
46469737_0,0,1
46469737_1,0,1
46469739_0,0,1
46469740_0,0,1
46481095_0,0,1
46481095_1,0,1
46481095_2,0,1
46481095_3,0,1
46481095_4,0,1
46481095_5,0,1
46481095_6,0,1
46481738_0,0,1
46481739_0,0,1
46481740_0,0,1
46481741_0,0,1
46481742_0,0,1
46481744_0,0,1
46481744_0_r,0,1
46481744_1,0,1
46481744_1_r,0,1
46481744_2,0,1
46481744_2_r,0,1
46481747_0,0,1
46481747_1,0,1
46481747_2,0,1
46481748_0,0,1
46481752_0,0,1
46481754_0,1,1
46481754_0_r,0,1
46481754_1,0,1
46481754_1_r,0,1
46481754_2,0,1
46481754_2_r,0,1
46481755_0,0,1
46481755_0_r,0,1
46482536_0,0,1
46482537_0,0,1
46482537_1,0,1
46482537_2,0,1
46482538_0,0,1
46482538_1,0,1
46482538_2,0,1
46482539_0,0,1
46482539_1,0,1
46482539_2,0,1
46482540_0,0,1
46482541_0,0,1
46482541_1,0,1
46482541_2,0,1
46482592_0,0,1
46482592_1,0,1
46482600_0,0,1
46482602_0,0,1
46482602_1,0,1
46482602_2,0,1
46482602_3,0,1
46482602_4,0,1
46482602_5,0,1
46482602_6,0,1
46482602_7,0,1
46482603_0,0,1
46482604_0,0,1
46482609_0,0,1
46482611_0,0,1
46482616_0,0,1
46482818_0,0,1
46482819_0,0,1
46482819_1,0,1
46482820_0,0,1
46482821_0,0,1
46482821_1,0,1
46482822_0,0,1
46482823_0,0,1
464902522_0,0,1
464902522_0_r,0,1
464902523_0,0,1
464902523_0_r,0,1
46490537_0,0,1
46490537_1,0,1
46490537_2,0,1
46490538_0,0,1
46490538_1,0,1
46490538_2,0,1
46490538_3,0,1
46490540_0,0,1
46490540_1,0,1
46491168_0,0,1
46491169_0,0,1
46492007_0,0,1
46492008_0,0,1
46492009_0,0,1
46492010_0,0,1
46492010_1,0,1
46492012_0,0,1
46492014_0,0,1
46492015_0,0,1
46492016_0,0,1
46492017_0,0,1
46492019_0,0,1
46492020_0,0,1
46492021_0,0,1
46492034_0,0,1
46492036_0,0,1
46492638_0,0,1
46492639_0,0,1
464963297_0,0,1
464963297_0_r,0,1
464964299_0,0,1
464964299_0_r,0,1
465000799_0,0,1
465066386_0,0,1
465098271_0,0,1
465098276_0,0,1
465098285_0,0,1
465098290_0,0,1
465098295_0,0,1
465101198_0,0,1
465101198_0_r,0,1
465123936_0,0,1
465123936_0_r,0,1
46518728_0,0,1
46518728_0_r,0,1
46518729_0,0,1
46518729_0_r,0,1
46518731_0,0,1
46518731_1,0,1
46518731_2,0,1
46518731_3,0,1
46518731_4,0,1
46518732_0,0,1
46518732_1,0,1
46518734_0,0,1
46518734_1,0,1
46518734_2,0,1
46518734_3,0,1
46518734_4,0,1
46518734_5,0,1
46518739_0,0,1
46518739_1,0,1
46518740_0,0,1
46518740_0_r,0,1
46520833_0,0,1
46520833_1,0,1
46520833_2,0,1
46520834_0,0,1
46520921_0,0,1
46520921_0_r,0,1
46520921_1,0,1
46520921_1_r,0,1
46520921_2,0,1
46520921_2_r,0,1
46521465_0,0,1
46521736_0,0,1
46521993_0,0,1
46521993_1,0,1
46521994_0,0,1
46521995_0,0,1
46521995_1,0,1
46521998_0,0,1
46522000_0,0,1
46522001_0,0,1
46522001_1,0,1
46522001_2,0,1
46522002_0,0,1
46522002_1,0,1
46522003_0,0,1
46522003_1,0,1
46522003_2,0,1
46522005_0,0,1
46522005_1,0,1
46522006_0,0,1
46522007_0,0,1
46522008_0,0,1
46522008_1,0,1
46522008_2,0,1
46522008_3,0,1
46522008_4,0,1
46522008_5,0,1
46522162_0,0,1
46522162_1,0,1
465250328_0,0,1
46525058_0,0,1
46525058_1,0,1
46525065_0,0,1
46525065_1,0,1
46525065_2,0,1
465255350_0,0,1
465256868_0,0,1
465256869_0,0,1
46538335_0,0,1
46538371_0,0,1
46538371_1,0,1
46538371_2,0,1
46538371_3,0,1
46538371_4,0,1
46538375_1,1,1
46538375_2,0,1
46538375_3,0,1
46538375_4,0,1
46538375_5,0,1
46538375_6,0,1
46538375_7,0,1
46538375_8,0,1
46538375_9,0,1
46538396_0,0,1
46538396_0_r,0,1
46538405_0,0,1
46538405_0_r,0,1
46538429_0,0,1
46579578_0,0,1
46581216_0,0,1
46581216_1,0,1
46581216_2,0,1
46581216_3,0,1
46581216_4,0,1
46581216_5,0,1
46582968_0,0,1
46582968_1,0,1
46582968_2,0,1
46582968_3,0,1
46583189_0,0,1
46607937_0,0,1
46608204_0,0,1
46608205_0,0,1
46608205_1,0,1
46608205_2,0,1
46608205_3,0,1
46608205_4,0,1
46608205_5,0,1
46608205_6,0,1
46608205_7,0,1
46608336_0,0,1
46608946_0,0,1
46608946_1,0,1
46608946_2,0,1
46608946_3,0,1
46608946_4,0,1
46608946_5,0,1
46608946_6,0,1
46608946_7,0,1
46609036_0,0,1
46610717_0,0,1
46610717_1,0,1
46610719_0,0,1
46610719_1,0,1
46610721_0,0,1
46610722_0,0,1
46610724_0,0,1
46610725_0,0,1
46610725_1,0,1
46610725_2,0,1
46610726_0,0,1
46610726_1,0,1
46610726_2,0,1
46610727_0,0,1
46610727_1,0,1
46610727_2,0,1
46610728_0,0,1
46610734_0,0,1
46610734_1,0,1
46613913_0,0,1
46694751_0,0,1
46694751_0_r,1,1
46694752_0,0,1
466953403_0,0,1
466953403_1,0,1
466953403_2,0,1
466956271_0,0,1
466956272_0,0,1
466956273_0,0,1
466956273_0_r,0,1
466956274_0,0,1
466956276_0,0,1
466956276_1,0,1
466956278_0,0,1
466956278_1,0,1
466956278_2,0,1
467222812_0,0,1
467222812_1,0,1
467222812_2,0,1
467222812_3,0,1
467222812_4,0,1
467222828_0,0,1
467222856_0,0,1
467222856_0_r,0,1
467222856_1,0,1
467222856_1_r,0,1
467222856_2,0,1
467222856_2_r,0,1
467222856_3,0,1
467222856_3_r,0,1
467222856_4,0,1
467222856_4_r,0,1
467222856_5,0,1
467222856_5_r,0,1
467523298_0,0,1
468414626_0,0,1
468414627_0,0,1
468414627_1,0,1
468414632_0,1,1
468414632_1,0,1
468414633_0,1,1
468414634_0,0,1
468414634_1,0,1
473565703_0,0,1
473565703_0_r,0,1
474024817_0,0,1
474024817_0_r,0,1
474054794_0,0,1
474054794_1,0,1
474054795_0,0,1
474304539_0,0,1
474304540_0,0,1
474304540_0_r,0,1
474304540_1,0,1
474304540_1_r,1,1
474635896_0,0,1
474635898_0,0,1
474635899_0,0,1
474635899_1,0,1
474635900_0,0,1
474635901_0,0,1
474635902_0,0,1
474635904_0,0,1
474635905_0,0,1
476015901_0,0,1
476015901_0_r,0,1
476015902_0,0,1
476015902_0_r,0,1
476015902_1,0,1
476015902_1_r,1,1
476015902_2,1,1
476015902_2_r,0,1
476015902_3,0,1
476015902_3_r,0,1
476015902_4,0,1
476015902_4_r,0,1
476015903_0,0,1
476015903_0_r,0,1
476015904_0,1,1
476015904_0_r,0,1
477151468_0,0,1
477151468_0_r,0,1
477151468_1,0,1
477151468_1_r,0,1
477151468_2,0,1
477151468_2_r,0,1
477151469_0,0,1
477151469_0_r,0,1
477151469_1,0,1
477151469_1_r,0,1
477151469_2,0,1
477151469_2_r,0,1
477823038_0,0,1
477823038_0_r,0,1
477873432_0,0,1
477873432_0_r,0,1
477873433_0,0,1
477873433_0_r,0,1
47796510_0,0,1
47796510_1,0,1
47796510_2,0,1
47796678_0,1,1
47796678_0_r,0,1
47796685_0,0,1
478485299_0,0,1
479642033_0,0,1
479642033_1,0,1
479642033_2,0,1
479642033_3,0,1
479642034_0,0,1
479642034_1,0,1
479642035_0,0,1
479642035_1,0,1
479642035_2,0,1
479642036_0,0,1
479642037_0,0,1
479642038_0,0,1
479642039_0,0,1
479642039_1,0,1
479642039_2,0,1
479642039_3,0,1
479642040_0,0,1
479642040_1,0,1
479642040_2,0,1
479642042_0,0,1
479642042_1,0,1
479642042_2,0,1
479642042_3,0,1
479642042_4,0,1
479642043_0,0,1
479642043_1,0,1
479642043_2,0,1
480112475_0,0,1
480112475_1,0,1
480112476_0,0,1
480112476_1,0,1
480112477_0,0,1
480112477_1,0,1
480112478_0,0,1
480112478_1,0,1
480112478_2,0,1
480112479_0,0,1
480112480_0,0,1
480112480_1,0,1
480112481_0,0,1
480112481_1,0,1
480112482_0,0,1
480112483_0,0,1
480112484_0,0,1
480682390_0,0,1
480682391_0,0,1
480682391_0_r,0,1
480682392_0,0,1
480682392_0_r,0,1
480682392_1,0,1
480682392_1_r,0,1
480682392_2,0,1
480682392_2_r,0,1
480682393_0,0,1
480682394_0,0,1
480682395_0,0,1
480682396_0,0,1
480682396_0_r,0,1
480682397_0,0,1
480972178_0,0,1
480972178_0_r,0,1
481047237_0,0,1
481047237_0_r,0,1
481403099_0,0,1
481403099_1,0,1
481403100_0,0,1
481403101_0,0,1
481962592_0,0,1
481962592_0_r,0,1
481962592_1,0,1
481962592_1_r,0,1
481962592_2,0,1
481962592_2_r,0,1
481962592_3,0,1
481962592_3_r,0,1
481962896_0,0,1
482026799_0,0,1
482026799_0_r,0,1
482494938_0,0,1
483236728_0,0,1
483236728_1,0,1
483236728_10,0,1
483236728_2,0,1
483236728_3,0,1
483236728_4,0,1
483236728_5,0,1
483236728_6,0,1
483236728_7,0,1
483236728_8,0,1
483236728_9,0,1
483236729_0,0,1
483360105_0,0,1
483704511_0,0,1
483704512_0,0,1
483704512_1,0,1
483704512_2,0,1
483704512_3,0,1
483704512_4,0,1
483704512_5,0,1
483704512_6,0,1
483707770_0,0,1
484170269_0,0,1
484170269_1,0,1
485056260_0,0,1
485056260_1,0,1
485056261_0,0,1
485056262_0,0,1
485056263_0,0,1
485056263_0_r,0,1
485165665_0,0,1
485165666_0,0,1
485165667_0,0,1
485556246_0,0,1
485556247_0,0,1
485746107_0,0,1
488272734_0,0,1
488376502_0,0,1
488376502_0_r,0,1
488376503_0,0,1
488377255_0,0,1
489019752_0,0,1
489019752_1,0,1
489019752_2,0,1
489019752_3,0,1
489019752_4,0,1
489019753_0,0,1
489019753_0_r,0,1
489019753_1,0,1
489019753_1_r,0,1
489019754_0,0,1
489019754_0_r,0,1
489375009_0,0,1
489375010_0,0,1
491162341_0,0,1
492148699_0,0,1
492148700_0,0,1
492148700_1,0,1
492148701_0,0,1
492148701_1,0,1
492148701_2,0,1
492148701_3,0,1
492148702_0,0,1
492148703_0,0,1
492148703_1,0,1
492148704_0,0,1
492148704_1,0,1
492148704_2,0,1
492148705_0,0,1
492148705_0_r,0,1
492148706_0,0,1
492148706_1,0,1
492148706_2,0,1
492148706_3,0,1
492441171_0,0,1
492441172_0,0,1
492489884_0,0,1
492489888_0,0,1
492489893_0,0,1
494221658_0,0,1
495253775_0,0,1
495253775_0_r,0,1
495276214_1,1,1
495276214_1_r,0,1
495276343_0,0,1
495276343_0_r,1,1
495276343_6,1,1
495276343_6_r,0,1
495946403_0,0,1
495946403_0_r,0,1
495946403_1,0,1
495946403_1_r,0,1
495946403_2,0,1
495946403_2_r,0,1
496977101_0,0,1
496977101_0_r,0,1
496978218_0,0,1
496978218_0_r,0,1
496978219_0,0,1
496978219_0_r,0,1
496978510_0,0,1
496978510_1,0,1
496979224_0,0,1
496980200_0,0,1
496980201_0,0,1
496982022_0,0,1
496982022_0_r,0,1
496982023_0,0,1
496982023_0_r,0,1
496982023_1,0,1
496982023_1_r,0,1
496982024_0,0,1
496982627_0,0,1
496982627_1,0,1
496982627_2,0,1
496982787_0,0,1
496982787_1,0,1
496982788_0,0,1
496982789_0,0,1
496982789_1,0,1
496983396_0,0,1
496983397_0,0,1
496983398_0,0,1
496983399_0,0,1
496985713_0,0,1
496985714_0,0,1
496986803_0,0,1
496986803_1,0,1
496986803_10,0,1
496986803_2,0,1
496986803_3,0,1
496986803_4,0,1
496986803_5,0,1
496986803_6,0,1
496986803_7,0,1
496986803_8,0,1
496986803_9,0,1
496986855_0,0,1
496986905_0,0,1
496986969_0,0,1
496986969_0_r,0,1
496986969_1,0,1
496986969_1_r,0,1
496986970_0,0,1
496986970_1,0,1
496986970_2,0,1
496986996_0,0,1
496986997_0,0,1
496986998_0,0,1
496988368_0,0,1
496988369_0,0,1
496989301_0,1,1
496989302_0,0,1
496989303_0,0,1
496989355_0,0,1
496989355_1,0,1
496989355_2,0,1
496989355_3,0,1
496989355_4,0,1
496989355_5,0,1
496989355_6,0,1
496989957_0,0,1
496989959_0,0,1
496989959_0_r,0,1
496990211_0,0,1
496990216_0,0,1
496990369_0,0,1
496990645_0,0,1
496990645_0_r,1,1
496990647_0,0,1
496990647_1,0,1
496990647_2,0,1
496990648_0,0,1
496990648_0_r,0,1
496992369_0,0,1
496992369_0_r,0,1
496992369_1,0,1
496992369_1_r,0,1
496992867_0,0,1
496992868_0,0,1
496993762_0,0,1
496993763_0,0,1
496993765_0,0,1
496993765_1,0,1
496993920_0,0,1
496995905_0,0,1
496995905_0_r,0,1
497002542_0,0,1
497002543_0,0,1
497002544_0,0,1
497165753_0,0,1
497165753_1,0,1
497165753_2,0,1
497165753_3,0,1
497165753_4,0,1
497165753_5,0,1
497165754_0,0,1
497165754_0_r,0,1
497165756_0,0,1
497165756_1,0,1
497165756_2,0,1
497165756_3,0,1
497165756_4,0,1
497165756_5,0,1
497165756_6,0,1
497165756_7,0,1
497165756_8,0,1
497165756_9,0,1
497165757_0,0,1
497165757_0_r,0,1
497191099_0,0,1
497258108_0,0,1
497258108_1,0,1
497258109_0,0,1
497258109_0_r,0,1
497498544_0,0,1
497746842_0,0,1
497746843_0,0,1
497746843_1,0,1
497746843_2,0,1
497769952_0,0,1
497769953_0,0,1
499172074_0,0,1
499172074_1,0,1
499172074_10,0,1
499172074_11,0,1
499172074_2,0,1
499172074_3,0,1
499172074_4,0,1
499172074_5,0,1
499172074_6,0,1
499172074_7,0,1
499172074_8,0,1
499172074_9,0,1
500182595_0,0,1
500182596_0,0,1
500717384_0,0,1
500717392_0,0,1
500717399_0,0,1
500717404_0,0,1
500717404_1,0,1
500717410_0,0,1
500793245_0,0,1
500793245_0_r,0,1
501751375_0,0,1
505317778_0,0,1
505317783_0,0,1
505317789_0,0,1
505317789_1,0,1
505537786_0,0,1
505582406_0,0,1
505582406_0_r,0,1
505582406_1,0,1
505582406_1_r,0,1
505598707_0,0,1
505598707_0_r,0,1
505598708_0,0,1
505600307_0,0,1
505600313_0,0,1
505765239_0,0,1
505765239_0_r,0,1
505766273_0,0,1
505772014_0,0,1
505773769_0,0,1
505773774_0,0,1
505778913_0,0,1
505778913_0_r,0,1
50603617_0,0,1
50603617_0_r,0,1
506680905_0,0,1
506680906_0,0,1
506680906_1,0,1
507432922_0,0,1
511699175_0,0,1
511699176_0,0,1
511699178_0,0,1
511699179_0,0,1
511699179_0_r,0,1
511699181_0,0,1
511699181_1,0,1
511699182_0,0,1
511699183_0,0,1
511699183_0_r,0,1
511699184_0,0,1
511699185_0,0,1
511755381_0,0,1
511905952_0,0,1
511924052_0,0,1
511924053_0,0,1
511924978_0,0,1
511924978_1,0,1
511973084_0,0,1
512110312_0,0,1
515879032_0,0,1
515879032_1,0,1
515879035_0,0,1
515879035_1,0,1
515879040_0,0,1
517829857_0,0,1
518451322_0,0,1
518451327_0,0,1
518451327_1,0,1
518451332_0,0,1
519705722_0,1,1
519705722_0_r,0,1
520532096_0,0,1
521358279_0,0,1
521358282_0,0,1
521358284_0,0,1
524382712_0,0,1
524382712_0_r,0,1
524387550_0,0,1
524387551_0,0,1
524387551_1,0,1
524387551_2,0,1
524387551_3,0,1
524388531_0,0,1
524388531_1,0,1
524388532_0,0,1
524394634_0,0,1
524394634_1,0,1
524395516_0,0,1
524395517_0,0,1
524395517_1,0,1
524395517_2,0,1
524411039_0,0,1
524411039_0_r,0,1
524546351_0,0,1
524546351_0_r,0,1
524610937_0,0,1
524610937_0_r,0,1
524610938_0,0,1
524610938_1,0,1
524701350_0,0,1
524701350_0_r,0,1
524816751_0,0,1
524816751_0_r,0,1
524817693_0,0,1
524817693_1,0,1
524817694_0,0,1
525033953_0,0,1
525033953_0_r,0,1
525036089_0,0,1
525036090_0,0,1
525038147_0,0,1
525038147_0_r,0,1
525038147_1,0,1
525038147_1_r,0,1
525656841_0,0,1
525656841_0_r,0,1
525656842_0,0,1
525656842_0_r,0,1
525656847_0,0,1
525656847_0_r,0,1
525656852_0,0,1
525656852_0_r,0,1
525658419_0,0,1
525658419_0_r,0,1
525698215_0,0,1
525698215_0_r,0,1
525701040_0,0,1
525701040_1,0,1
525701040_2,0,1
525701040_3,0,1
525701044_0,0,1
525727823_0,0,1
525727823_1,0,1
525727823_2,0,1
525727823_3,0,1
525727823_4,0,1
525727823_5,0,1
525727824_0,0,1
525727824_0_r,0,1
525727824_1,0,1
525727824_1_r,0,1
525729008_0,0,1
525729008_0_r,0,1
525729008_1,0,1
525729008_1_r,0,1
525729008_2,0,1
525729008_2_r,0,1
525729009_0,0,1
525729010_0,0,1
525729010_1,0,1
525729010_2,0,1
525729010_3,0,1
525760563_0,0,1
525760564_0,0,1
525768549_0,0,1
525768549_1,0,1
525768550_0,0,1
526503345_0,0,1
526503346_0,0,1
526571477_0,0,1
526571477_0_r,0,1
526571477_1,0,1
526571477_1_r,0,1
526571477_2,0,1
526571477_2_r,0,1
526571477_3,0,1
526571477_3_r,0,1
526571477_4,0,1
526571477_4_r,0,1
526571477_5,0,1
526571477_5_r,0,1
526582564_0,0,1
526582564_0_r,0,1
526839039_0,0,1
526839039_1,0,1
526839039_2,0,1
526839040_0,0,1
526839040_1,0,1
526839040_2,0,1
526839040_3,0,1
527611226_0,0,1
527611226_0_r,0,1
527611412_0,0,1
527611412_0_r,0,1
527623200_0,0,1
527623200_0_r,0,1
527623396_0,0,1
527623396_0_r,0,1
527867886_0,1,1
527867886_0_r,0,1
528748997_0,0,1
528748997_1,0,1
528748997_2,0,1
528748997_3,0,1
528755490_1,1,1
528755490_1_r,0,1
529712889_0,0,1
529712889_0_r,0,1
529712890_0,0,1
529712890_0_r,0,1
529712890_1,0,1
529712890_1_r,0,1
529712890_2,0,1
529712890_2_r,0,1
529713036_0,0,1
529713036_0_r,0,1
529713036_1,0,1
529713036_1_r,0,1
529713036_2,0,1
529713036_2_r,0,1
529713036_3,0,1
529713036_3_r,0,1
529713036_4,0,1
529713036_4_r,0,1
529713036_5,0,1
529713036_5_r,0,1
529713036_6,0,1
529713036_6_r,1,1
529713037_0,0,1
529713037_0_r,0,1
529713038_0,0,1
529713038_0_r,0,1
529713038_1,0,1
529713038_1_r,0,1
529713038_2,0,1
529713038_2_r,1,1
529741030_0,0,1
529741033_0,0,1
529741033_1,0,1
529741033_2,0,1
529741033_3,0,1
529741033_4,0,1
529741034_0,1,1
529741034_1,0,1
529741034_2,0,1
529741034_3,0,1
529741034_4,0,1
530011945_0,0,1
530011945_0_r,0,1
530011945_1,0,1
530011945_1_r,0,1
530011946_0,0,1
530011946_0_r,0,1
531546246_0,0,1
532302787_0,0,1
533223978_0,0,1
533394975_0,0,1
533394975_0_r,0,1
533438312_0,0,1
533472942_0,0,1
533472942_0_r,1,1
533472943_0,0,1
533472943_1,0,1
533817624_0,1,1
533817624_0_r,0,1
533836333_0,0,1
533836333_0_r,0,1
534878087_0,0,1
534878088_0,0,1
536917118_0,0,1
536917118_1,0,1
536917118_2,0,1
536917118_3,0,1
536917118_4,0,1
536917118_5,0,1
536917118_6,0,1
536917118_7,0,1
536917119_0,0,1
536917120_0,0,1
536917120_0_r,0,1
536919687_0,0,1
539018144_0,1,1
539024459_0,0,1
539024459_1,0,1
539024459_2,0,1
539024460_0,0,1
539024460_1,0,1
539024460_2,0,1
539024460_3,0,1
539024460_4,0,1
540259448_0,0,1
540259448_0_r,0,1
540356239_0,0,1
540356239_1,0,1
540356239_2,0,1
540356239_3,0,1
540356239_4,0,1
541059722_0,0,1
541329572_0,0,1
541330444_0,0,1
541331485_0,0,1
541336911_0,0,1
541345307_0,0,1
541345307_1,0,1
541346245_0,0,1
541346246_0,0,1
541346246_1,0,1
541346246_2,0,1
541346246_3,0,1
541350711_0,0,1
541350711_1,0,1
541351705_0,0,1
541952503_0,0,1
541952503_0_r,0,1
541953859_0,0,1
541953859_0_r,0,1
542096278_0,0,1
542096278_0_r,0,1
542096278_1,0,1
542096278_1_r,0,1
542096279_0,0,1
542096279_1,0,1
542096279_2,0,1
542096280_0,0,1
542096280_0_r,0,1
542255948_0,0,1
542255948_1,0,1
542255948_2,0,1
542255948_3,0,1
542255948_4,0,1
542256188_0,0,1
542256188_1,0,1
542256188_2,0,1
542256188_3,0,1
542256188_4,0,1
542256453_0,0,1
542257008_0,0,1
542257008_1,0,1
542257009_0,0,1
542257009_1,0,1
542257009_2,0,1
542257009_3,0,1
542257009_4,0,1
542257009_5,0,1
542257430_0,0,1
542257982_0,0,1
542257982_1,0,1
542258060_0,0,1
542258061_0,0,1
542258337_0,0,1
542258337_1,0,1
542259076_0,0,1
542259076_0_r,0,1
543529309_0,0,1
543529309_0_r,0,1
543530720_0,0,1
543530720_0_r,0,1
54369822_0,0,1
543717203_0,0,1
543902512_0,0,1
543902513_0,0,1
543902513_1,0,1
543908289_0,0,1
544549058_0,0,1
544812894_0,0,1
544819870_0,0,1
544819870_0_r,0,1
546143804_0,0,1
546143804_0_r,0,1
546163730_0,0,1
546163730_0_r,0,1
546173054_0,0,1
546173054_0_r,0,1
546173266_0,0,1
546173266_0_r,0,1
546364858_0,0,1
546364862_0,0,1
546663920_0,0,1
546663920_0_r,0,1
54689817_0,0,1
54689817_1,0,1
54689817_2,0,1
54689817_3,0,1
547089938_0,0,1
550727393_0,0,1
550727393_0_r,0,1
550727574_0,0,1
550727574_0_r,0,1
550727575_0,0,1
550727575_0_r,0,1
551074012_0,0,1
551074012_0_r,0,1
551074012_1,0,1
551074012_1_r,0,1
551074013_0,0,1
552447291_0,0,1
552447291_0_r,0,1
553284193_0,0,1
554083352_0,0,1
554083352_0_r,0,1
554083353_0,0,1
554083353_1,0,1
554966358_0,0,1
554966358_0_r,0,1
555123895_0,0,1
555176984_0,0,1
555176985_0,0,1
555219211_0,0,1
555219211_0_r,0,1
555245270_0,0,1
555245270_0_r,0,1
555303393_0,0,1
555303393_0_r,0,1
556075521_0,0,1
556075521_0_r,0,1
556075522_0,0,1
556075522_0_r,0,1
556075523_0,0,1
556075523_0_r,0,1
556311124_0,0,1
556311124_1,0,1
556311124_2,0,1
556311124_3,0,1
556311124_4,0,1
556311124_5,0,1
556311124_6,0,1
556311124_7,0,1
557625471_0,0,1
557625471_0_r,1,1
557625472_0,0,1
557625472_0_r,1,1
557625474_0,0,1
557625474_0_r,0,1
557625477_0,0,1
557625477_0_r,0,1
557625477_1,0,1
557625477_1_r,0,1
557625477_2,0,1
557625477_2_r,0,1
557625477_3,0,1
557625477_3_r,0,1
557625479_0,0,1
557625479_0_r,0,1
557625479_1,0,1
557625479_1_r,0,1
558008153_0,0,1
560788342_0,0,1
560788342_0_r,0,1
560788342_1,0,1
560788342_1_r,0,1
560788343_0,0,1
560788343_0_r,0,1
561084838_0,0,1
561084838_0_r,0,1
561084838_1,0,1
561084838_1_r,0,1
561084838_2,0,1
561084838_2_r,0,1
561084838_3,0,1
561084838_3_r,0,1
561084838_4,0,1
561084838_4_r,0,1
561832676_0,0,1
561832676_0_r,0,1
561833279_0,0,1
561833279_0_r,0,1
565552142_0,0,1
565552142_0_r,0,1
565555587_0,0,1
565555587_0_r,0,1
566881081_0,0,1
566881081_0_r,0,1
5668983_0,0,1
5668983_1,0,1
5668989_0,0,1
5668993_0,0,1
5668993_0_r,0,1
5668997_0,0,1
5668997_0_r,0,1
5668999_0,1,1
5668999_1,0,1
5669013_0,0,1
5669013_0_r,1,1
5669154_0,0,1
5669205_0,0,1
5669206_0,0,1
566921851_0,1,1
566921851_0_r,0,1
566921851_1,0,1
566921851_1_r,0,1
566921853_0,1,1
566921853_0_r,0,1
566921853_1,0,1
566921853_1_r,0,1
566921854_0,0,1
566921854_0_r,0,1
566921855_0,0,1
566921855_0_r,0,1
5669218_0,0,1
5669226_0,0,1
5669227_0,0,1
5669228_0,0,1
5669279_0,0,1
5669279_1,0,1
566928439_1,1,1
566928439_1_r,0,1
566928442_0,0,1
566928442_0_r,0,1
5669320_0,0,1
5669321_0,0,1
5669322_0,0,1
5669322_1,0,1
5669332_0,0,1
5669332_1,0,1
5669348_0,0,1
5669356_0,0,1
5669486_0,0,1
5669577_0,0,1
5669580_0,0,1
5669580_1,0,1
5669580_10,0,1
5669580_2,0,1
5669580_3,0,1
5669580_4,0,1
5669580_5,0,1
5669580_6,0,1
5669580_7,0,1
5669580_8,0,1
5669580_9,0,1
5669631_0,0,1
5669633_0,0,1
5669633_1,0,1
5669636_0,0,1
5669639_0,0,1
5669639_1,0,1
5669639_2,0,1
5669643_0,0,1
5669662_0,0,1
5669664_0,0,1
5669669_0,0,1
5669669_1,0,1
5669669_2,0,1
5669669_3,0,1
5669669_4,0,1
5669669_5,0,1
5669669_6,0,1
5669669_7,0,1
5669709_0,0,1
5669709_0_r,1,1
5669742_0,0,1
5669742_1,0,1
5669742_10,0,1
5669742_11,0,1
5669742_12,0,1
5669742_13,0,1
5669742_2,0,1
5669742_3,0,1
5669742_4,0,1
5669742_5,0,1
5669742_6,0,1
5669742_7,0,1
5669742_8,0,1
5669742_9,0,1
5669745_0,0,1
5669745_1,0,1
5669804_0,0,1
5669806_0,0,1
5669806_1,0,1
5669806_2,0,1
5669809_0,0,1
5669809_0_r,0,1
5669815_0,0,1
5669815_1,0,1
5669826_0,0,1
5669826_0_r,0,1
5669829_0,0,1
5669837_0,0,1
5669837_0_r,0,1
5669837_1,0,1
5669837_1_r,0,1
5669842_0,0,1
5669857_0,0,1
5669860_0,0,1
5669860_1,0,1
5669860_2,0,1
5669866_0,0,1
5669866_1,0,1
5669866_2,0,1
5669866_3,0,1
5669875_0,0,1
5669882_0,0,1
5669882_1,0,1
5669892_0,0,1
5669892_0_r,0,1
5669892_1,0,1
5669892_1_r,0,1
5669892_2,0,1
5669892_2_r,0,1
5669892_3,0,1
5669892_3_r,0,1
5669892_4,0,1
5669892_4_r,0,1
5669899_0,0,1
5669922_0,0,1
5669922_1,0,1
5669922_2,0,1
5669925_0,0,1
5669933_0,0,1
5669933_0_r,0,1
5669935_0,0,1
5669935_1,0,1
5669935_2,0,1
5669938_0,0,1
5669938_1,0,1
5669938_2,0,1
5669938_3,0,1
5669938_4,0,1
5669945_0,1,1
5669953_0,0,1
5669953_1,0,1
5669953_2,0,1
5669953_3,0,1
5669953_4,0,1
5669953_5,0,1
5669953_6,0,1
5669953_7,0,1
5669962_0,0,1
5669962_1,0,1
5669962_2,0,1
5669962_3,0,1
5669962_4,0,1
5669962_5,0,1
5669962_6,0,1
5669962_7,0,1
5669962_8,0,1
5669975_0,0,1
5669975_0_r,0,1
5669976_0,1,1
5669976_1,0,1
5669978_0,0,1
5669978_1,0,1
5669978_2,0,1
5669978_3,0,1
5669993_0,0,1
5669993_1,0,1
5670009_0,0,1
5670011_0,0,1
5670012_0,0,1
5670012_1,0,1
5670036_0,0,1
5670036_0_r,0,1
5670037_0,0,1
5670037_0_r,0,1
5670044_0,0,1
5670044_1,0,1
5670044_2,0,1
5670044_3,0,1
5670044_4,0,1
5670044_5,0,1
5670044_6,0,1
5670058_0,0,1
5670058_1,0,1
5670070_0,0,1
5670070_1,0,1
5670076_0,0,1
5670077_0,0,1
5670077_1,0,1
5670079_0,0,1
5670084_0,0,1
5670084_1,0,1
5670084_2,0,1
5670084_3,0,1
5670084_4,0,1
5670086_0,0,1
5670086_0_r,0,1
5670087_0,0,1
5670087_0_r,0,1
5670092_0,0,1
5670092_1,0,1
5670092_10,0,1
5670092_11,0,1
5670092_2,0,1
5670092_3,0,1
5670092_4,0,1
5670092_5,0,1
5670092_6,0,1
5670092_7,0,1
5670092_8,0,1
5670092_9,0,1
5670106_0,0,1
5670106_1,0,1
5670106_2,0,1
5670106_3,0,1
5670106_4,0,1
5670108_0,0,1
5670114_0,0,1
5670114_1,0,1
5670118_0,0,1
5670118_0_r,0,1
5670124_0,0,1
5670139_0,0,1
5670139_0_r,0,1
5670167_0,0,1
5670167_1,0,1
5670168_0,1,1
5670168_1,0,1
5670170_0,0,1
5670171_0,0,1
5670171_1,0,1
5670171_2,0,1
5670171_3,0,1
5670172_0,0,1
5670172_1,0,1
5670172_2,0,1
5670174_0,0,1
5670178_0,0,1
5670178_0_r,0,1
5670189_0,0,1
5670189_0_r,0,1
5670191_0,0,1
5670193_0,0,1
5670193_1,0,1
5670193_2,0,1
5670193_3,0,1
5670193_4,0,1
5670193_5,0,1
5670197_0,0,1
5670197_1,0,1
5670204_0,0,1
5670205_0,0,1
5670205_0_r,0,1
5670221_0,0,1
5670225_0,0,1
5670232_0,0,1
5670232_1,0,1
5670238_0,0,1
5670247_0,0,1
5670253_0,0,1
5670253_0_r,0,1
5670254_0,0,1
5670254_0_r,0,1
5670254_1,0,1
5670254_1_r,0,1
5670254_2,0,1
5670254_2_r,0,1
5670267_0,0,1
5670267_1,0,1
5670267_2,0,1
5670268_0,0,1
5670275_0,0,1
5670296_0,0,1
5670296_1,0,1
5670296_2,0,1
5670297_0,0,1
5670299_0,0,1
5670313_0,0,1
5670313_0_r,0,1
5670317_0,1,1
5670317_1,0,1
5670317_2,0,1
5670348_0,0,1
5670366_0,0,1
5670366_1,0,1
5670366_10,0,1
5670366_11,0,1
5670366_2,0,1
5670366_3,0,1
5670366_4,0,1
5670366_5,0,1
5670366_6,0,1
5670366_7,0,1
5670366_8,0,1
5670366_9,0,1
5670402_0,0,1
5670402_0_r,0,1
5670402_1,0,1
5670402_1_r,0,1
5670402_2,0,1
5670402_2_r,0,1
5670402_3,0,1
5670402_3_r,0,1
5670402_4,0,1
5670402_4_r,0,1
5670402_5,0,1
5670402_5_r,0,1
5670402_6,0,1
5670402_6_r,0,1
5670402_7,0,1
5670402_7_r,0,1
5670418_0,0,1
5670418_1,0,1
5670418_2,0,1
5670440_0,1,1
5670440_1,0,1
5670451_0,0,1
5670451_1,0,1
5670451_2,0,1
5670451_3,0,1
5670454_0,0,1
5670462_0,0,1
5670466_0,0,1
5670481_0,1,1
5670485_0,0,1
5670488_0,0,1
5670490_0,0,1
5670498_0,0,1
5670510_0,0,1
5670510_0_r,0,1
5670512_0,0,1
5670512_0_r,0,1
5670512_1,0,1
5670512_1_r,0,1
5670514_0,0,1
5670514_1,0,1
5670515_0,1,1
5670522_0,0,1
5670532_0,0,1
5670532_1,0,1
5670536_0,0,1
5670536_1,0,1
5670536_2,0,1
5670536_3,0,1
5670536_4,0,1
5670536_5,0,1
5670551_0,0,1
5670560_0,0,1
5670574_0,0,1
5670574_0_r,0,1
5670574_1,0,1
5670574_1_r,0,1
5670575_0,0,1
5670575_1,0,1
5670578_0,0,1
5670578_1,0,1
5670579_0,1,1
5670581_0,0,1
5670584_0,0,1
5670584_1,0,1
5670594_0,0,1
5670594_1,0,1
5670594_2,0,1
5670594_3,0,1
5670600_0,0,1
5670600_0_r,0,1
5670600_1,0,1
5670600_1_r,0,1
5670603_0,0,1
5670603_0_r,1,1
5670618_0,0,1
5670621_0,0,1
5670621_1,0,1
5670633_0,0,1
5670633_1,0,1
5670633_2,0,1
5670633_3,0,1
5670647_0,0,1
5670647_0_r,0,1
5670651_0,0,1
5670651_1,0,1
5670652_0,0,1
5670654_0,0,1
5670657_0,0,1
5670658_0,0,1
5670658_1,0,1
5670658_2,0,1
5670658_3,0,1
5670668_0,0,1
5670673_0,0,1
5670673_1,0,1
5670701_0,0,1
5670701_0_r,0,1
5670709_0,0,1
5670709_0_r,0,1
5670711_0,0,1
5670719_0,1,1
5670719_1,0,1
5670719_2,0,1
5670719_3,0,1
5670719_4,0,1
5670719_5,0,1
5670719_6,0,1
5670719_7,0,1
5670719_8,0,1
5670728_0,0,1
5670728_1,0,1
5670731_0,0,1
5670731_1,0,1
5670736_0,0,1
5670736_1,0,1
5670756_0,0,1
5670756_1,0,1
5670770_0,0,1
5670771_0,0,1
5670771_1,0,1
5670771_2,0,1
5670771_3,0,1
5670773_0,0,1
5670778_0,0,1
5670782_0,0,1
5670785_0,0,1
5670785_1,0,1
5670787_0,0,1
5670787_1,0,1
5670792_0,0,1
5670792_1,0,1
5670792_2,0,1
5670792_3,0,1
5670803_0,0,1
5670814_0,0,1
5670814_1,0,1
5670814_2,0,1
5670814_3,0,1
5670814_4,0,1
5670814_5,0,1
5670814_6,0,1
5670814_7,0,1
5670820_0,0,1
5670820_1,0,1
5670820_2,0,1
5670820_3,0,1
5670832_0,0,1
5670836_0,0,1
5670836_1,0,1
5670836_2,0,1
5670836_3,0,1
5670836_4,0,1
5670836_5,0,1
5670836_6,0,1
5670867_0,0,1
5670867_1,0,1
5670873_0,0,1
5670873_1,0,1
5670874_0,0,1
5670874_0_r,0,1
5670876_0,0,1
5670877_0,0,1
5670877_1,0,1
5670877_2,0,1
5670877_3,0,1
5670877_4,0,1
5670888_0,1,1
5670888_1,0,1
5670888_2,0,1
5670888_3,0,1
5670891_0,0,1
5670891_0_r,0,1
5670897_0,0,1
5670897_1,0,1
5670897_2,0,1
5670897_3,0,1
5670897_4,0,1
5670897_5,0,1
5670897_6,0,1
5670897_7,0,1
5670899_0,1,1
5670920_0,0,1
5670922_0,0,1
5670922_1,0,1
5670922_2,0,1
5670922_3,0,1
5670924_0,0,1
5670924_0_r,0,1
5670924_1,0,1
5670924_1_r,0,1
5670924_2,0,1
5670924_2_r,0,1
5670924_3,0,1
5670924_3_r,0,1
5670932_0,0,1
5670932_1,0,1
5670938_0,0,1
5670941_0,0,1
5670941_1,0,1
5670941_2,0,1
5670942_0,1,1
5670942_1,0,1
5670942_2,0,1
5671007_0,1,1
5671008_0,0,1
5671028_0,1,1
5671028_0_r,0,1
5671056_0,0,1
5671056_1,0,1
5671059_0,0,1
5671061_0,0,1
5671083_0,0,1
5671084_0,0,1
5671084_0_r,0,1
5671095_0,0,1
5671095_1,0,1
5671095_2,0,1
5671111_0,0,1
5671111_1,0,1
5671111_2,0,1
5671111_3,0,1
5671111_4,0,1
5671115_0,1,1
5671115_1,0,1
5671115_2,0,1
5671115_3,0,1
5671117_0,1,1
5671117_1,0,1
5671121_0,0,1
5671121_1,0,1
5671121_2,0,1
5671129_0,0,1
5671140_0,0,1
5671140_1,0,1
5671140_2,0,1
5671158_0,0,1
5671160_0,0,1
5671172_0,0,1
5671172_1,0,1
5671179_0,1,1
5671179_1,0,1
5671179_2,0,1
5671179_3,0,1
5671179_4,0,1
5671181_0,0,1
5671192_0,0,1
5671192_1,0,1
5671261_0,0,1
5671261_1,0,1
5671261_2,0,1
5671276_0,0,1
5671276_1,0,1
5671276_2,0,1
5671276_3,0,1
5671276_4,0,1
5671276_5,0,1
5671291_0,0,1
5671291_1,0,1
5671296_0,0,1
5671296_0_r,0,1
5671307_0,0,1
5671307_0_r,0,1
5671307_1,0,1
5671307_1_r,0,1
5671307_2,0,1
5671307_2_r,0,1
5671314_0,0,1
5671314_1,0,1
5671314_2,0,1
5671315_0,0,1
5671315_0_r,0,1
5671317_0,0,1
5671322_0,0,1
5671327_0,0,1
5671339_0,0,1
5671339_1,0,1
5671339_2,0,1
5671339_3,0,1
5671339_4,0,1
5671339_5,0,1
5671341_0,0,1
5671341_1,0,1
5671343_0,0,1
5671343_1,0,1
5671349_0,0,1
5671349_1,0,1
5671349_2,0,1
5671354_0,0,1
5671354_1,0,1
5671354_2,0,1
5671354_3,0,1
5671359_0,0,1
5671359_1,0,1
5671359_2,0,1
5671365_0,0,1
5671365_0_r,0,1
5671370_0,0,1
5671370_0_r,0,1
5671393_0,0,1
5671393_1,0,1
5671400_0,0,1
5671401_0,0,1
5671401_1,0,1
5671401_2,0,1
5671401_3,0,1
5671401_4,0,1
5671401_5,0,1
5671401_6,0,1
5671401_7,0,1
5671401_8,0,1
5671402_0,0,1
5671404_0,0,1
5671404_1,0,1
5671410_0,0,1
5671410_1,0,1
5671413_0,0,1
5671425_0,0,1
5671429_0,0,1
5671429_1,0,1
5671429_2,0,1
5671429_3,0,1
5671429_4,0,1
5671429_5,0,1
5671429_6,0,1
5671434_0,0,1
5671434_1,0,1
5671436_0,1,1
5671436_1,0,1
5671436_2,0,1
5671436_3,0,1
5671440_0,0,1
5671440_0_r,0,1
5671440_1,0,1
5671440_1_r,0,1
5671442_0,0,1
5671457_0,0,1
5671457_1,0,1
5671458_0,0,1
5671459_0,0,1
5671460_0,0,1
5671472_0,0,1
5671538_0,0,1
5671538_0_r,0,1
5671543_0,0,1
5671574_0,0,1
5671577_0,1,1
5671577_0_r,0,1
5671581_0,0,1
5671581_0_r,0,1
5671584_0,0,1
5671584_1,0,1
5671584_2,0,1
5671587_0,0,1
5671593_0,0,1
5671603_0,0,1
5671608_0,0,1
5671608_1,0,1
5671608_2,0,1
5671615_0,0,1
5671620_0,0,1
5671620_0_r,0,1
5671629_0,0,1
5671647_0,0,1
5671649_0,0,1
5671654_0,1,1
5671654_0_r,0,1
5671654_1,0,1
5671654_1_r,0,1
5671659_0,0,1
5671659_1,0,1
5671659_2,0,1
5671659_3,0,1
5671659_4,0,1
5671661_0,0,1
5671661_1,0,1
5671663_0,0,1
5671663_1,0,1
5671663_2,0,1
5671663_3,0,1
5671668_0,0,1
5671668_1,0,1
5671668_2,0,1
5671668_3,0,1
5671691_0,0,1
5671691_1,0,1
5671693_0,0,1
5671693_1,0,1
5671699_0,0,1
5671701_0,0,1
5671701_0_r,0,1
5671709_0,0,1
5671711_0,0,1
5671713_0,0,1
5671713_0_r,0,1
5671713_1,0,1
5671713_1_r,0,1
5671717_0,0,1
5671717_0_r,0,1
5671719_0,1,1
5671719_1,0,1
5671719_2,0,1
5671719_3,0,1
5671743_0,0,1
5671743_1,0,1
5671754_0,0,1
5671754_1,0,1
5671756_0,0,1
5671774_0,0,1
5671774_0_r,0,1
5671774_1,0,1
5671774_10,0,1
5671774_10_r,0,1
5671774_1_r,0,1
5671774_2,0,1
5671774_2_r,0,1
5671774_3,0,1
5671774_3_r,0,1
5671774_4,0,1
5671774_4_r,0,1
5671774_5,0,1
5671774_5_r,0,1
5671774_6,0,1
5671774_6_r,0,1
5671774_7,0,1
5671774_7_r,0,1
5671774_8,0,1
5671774_8_r,0,1
5671774_9,0,1
5671774_9_r,0,1
5671799_0,0,1
5671799_1,0,1
5671801_0,1,1
5671801_1,0,1
5671920_0,0,1
5671920_1,0,1
5671928_0,0,1
5671973_0,0,1
5672001_0,0,1
5672006_0,0,1
5672027_0,0,1
5672027_1,0,1
5672036_0,0,1
5672036_1,0,1
5672040_0,0,1
5672040_1,0,1
5672040_2,0,1
5672040_3,0,1
5672060_0,0,1
5672073_0,0,1
5672073_1,0,1
5672073_2,0,1
5672093_0,0,1
5672093_0_r,0,1
5672093_1,0,1
5672093_1_r,0,1
5672110_0,0,1
5672118_0,0,1
5672118_1,0,1
5672118_2,0,1
5672118_3,0,1
5672118_4,0,1
5672118_5,0,1
5672129_0,1,1
5672138_0,0,1
5672138_0_r,0,1
5672138_1,0,1
5672138_1_r,0,1
5672142_0,0,1
5672146_0,0,1
5672148_0,1,1
5672148_0_r,0,1
5672148_1,0,1
5672148_1_r,1,1
5672149_0,0,1
5672149_1,0,1
5672151_0,0,1
5672155_0,0,1
5672159_0,0,1
5672159_1,0,1
5672159_2,0,1
5672168_0,0,1
5672168_1,0,1
5672168_2,0,1
5672173_0,0,1
5672176_0,0,1
5672176_1,0,1
5672178_0,0,1
5672178_1,0,1
5672183_0,0,1
5672183_0_r,0,1
5672184_0,0,1
5672184_1,0,1
5672184_2,0,1
5672187_0,0,1
5672190_0,0,1
5672190_0_r,0,1
5672190_1,0,1
5672190_1_r,0,1
5672190_2,0,1
5672190_2_r,0,1
5672211_0,0,1
5672211_1,0,1
5672211_2,0,1
5672211_3,0,1
5672211_4,0,1
5672214_0,0,1
5672214_1,0,1
5672269_0,0,1
5672269_1,0,1
5672273_0,0,1
5672275_0,0,1
5672275_0_r,0,1
5672290_0,0,1
5672299_0,0,1
5672299_1,0,1
5672321_0,0,1
5672321_1,0,1
5672329_0,0,1
5672331_0,0,1
5672331_0_r,0,1
5672377_0,0,1
5672377_1,0,1
5672377_2,0,1
5672377_3,0,1
5672377_4,0,1
5672377_5,0,1
5672377_6,0,1
5672402_0,0,1
5672402_1,0,1
5672409_0,0,1
5672409_1,0,1
5672409_2,0,1
5672409_3,0,1
5672410_0,0,1
5672415_0,0,1
5672415_0_r,1,1
5672434_0,0,1
5672434_0_r,0,1
5672434_1,0,1
5672434_1_r,0,1
5672434_2,0,1
5672434_2_r,0,1
5672441_0,0,1
5672450_0,0,1
5672450_1,0,1
5672450_2,0,1
5672459_0,0,1
5672459_0_r,0,1
5672464_0,0,1
5672478_0,0,1
5672478_1,0,1
5672483_0,0,1
5672487_0,0,1
5672487_1,0,1
5672487_2,0,1
5672487_3,0,1
5672487_4,0,1
5672487_5,0,1
5672487_6,0,1
5672497_0,0,1
5672510_0,0,1
5672510_1,0,1
5672515_0,0,1
5672515_0_r,0,1
5672515_1,0,1
5672515_1_r,0,1
5672528_0,0,1
5672528_1,0,1
5672535_0,0,1
5672535_1,0,1
5672535_2,0,1
5672550_0,1,1
5672550_0_r,0,1
5672550_1,0,1
5672550_1_r,0,1
5672578_0,0,1
5672604_0,0,1
5672604_1,0,1
5672604_2,0,1
5672607_0,0,1
5672607_1,0,1
5672621_0,0,1
5672621_0_r,0,1
5672621_1,0,1
5672621_10,0,1
5672621_10_r,0,1
5672621_11,0,1
5672621_11_r,0,1
5672621_12,0,1
5672621_12_r,0,1
5672621_1_r,0,1
5672621_2,0,1
5672621_2_r,0,1
5672621_3,0,1
5672621_3_r,0,1
5672621_4,0,1
5672621_4_r,0,1
5672621_5,0,1
5672621_5_r,0,1
5672621_6,0,1
5672621_6_r,0,1
5672621_7,0,1
5672621_7_r,0,1
5672621_8,0,1
5672621_8_r,0,1
5672621_9,0,1
5672621_9_r,0,1
5672625_0,0,1
5672625_1,0,1
5672629_0,0,1
5672629_1,0,1
5672646_0,0,1
5672646_0_r,0,1
5672646_1,0,1
5672646_1_r,0,1
5672646_2,0,1
5672646_2_r,0,1
5672646_3,0,1
5672646_3_r,0,1
5672646_4,0,1
5672646_4_r,0,1
5672646_5,0,1
5672646_5_r,0,1
5672654_0,0,1
5672681_0,0,1
5672681_1,0,1
5672681_2,0,1
5672681_3,0,1
5672699_0,0,1
5672699_0_r,0,1
5672706_0,0,1
5672710_0,0,1
5672710_1,0,1
5672710_2,0,1
5672710_3,0,1
5672713_0,0,1
5672715_0,0,1
5672715_0_r,0,1
5672715_1,0,1
5672715_1_r,0,1
5672715_2,0,1
5672715_2_r,0,1
5672730_0,0,1
5672752_0,0,1
5672752_0_r,0,1
5672752_1,0,1
5672752_1_r,0,1
5672752_2,0,1
5672752_2_r,0,1
5672803_0,0,1
5672803_1,0,1
5672871_0,0,1
5672871_1,0,1
5672871_2,0,1
5672871_3,0,1
5672871_4,0,1
5672871_5,0,1
5672873_0,0,1
5672873_1,0,1
5672873_2,0,1
5672893_0,0,1
5672896_0,0,1
5672896_1,0,1
5672896_2,0,1
5672896_3,0,1
5672896_4,0,1
5672896_5,0,1
5672896_6,0,1
5672899_0,0,1
5672899_1,0,1
5672899_2,0,1
5672899_3,0,1
5672899_4,0,1
5672910_0,0,1
5672910_1,0,1
5672910_2,0,1
5672911_0,0,1
5672911_1,0,1
5672911_2,0,1
5672911_3,0,1
5672911_4,0,1
5672912_0,0,1
5672922_0,0,1
5672922_0_r,0,1
5672922_1,0,1
5672922_1_r,0,1
5672925_0,1,1
5672937_0,0,1
5672937_1,0,1
5672942_0,0,1
5672942_0_r,0,1
5672948_0,0,1
5672951_0,0,1
5672951_1,0,1
5672951_2,0,1
5672951_3,0,1
5672954_0,0,1
5672965_0,0,1
5672965_1,0,1
5672965_2,0,1
5672971_0,0,1
5672973_0,0,1
5672973_1,0,1
5672973_2,0,1
5672973_3,0,1
5672978_0,0,1
5672978_0_r,0,1
5672980_0,0,1
5672986_0,1,1
5672986_0_r,0,1
5672986_1,0,1
5672986_1_r,0,1
5672987_0,0,1
5672987_1,0,1
5672987_2,0,1
5672988_0,0,1
5672991_0,0,1
5672991_0_r,0,1
5672992_0,0,1
5673001_0,0,1
5673001_0_r,0,1
5673035_0,1,1
5673038_0,0,1
5673047_0,0,1
5673052_0,0,1
5673052_1,0,1
5673052_2,0,1
5673052_3,0,1
5673063_0,0,1
5673063_1,0,1
5673063_10,0,1
5673063_11,0,1
5673063_2,0,1
5673063_3,0,1
5673063_4,0,1
5673063_5,0,1
5673063_6,0,1
5673063_7,0,1
5673063_8,0,1
5673063_9,0,1
5673073_0,0,1
5673073_1,0,1
5673073_2,0,1
5673073_3,0,1
5673073_4,0,1
5673075_0,0,1
5673077_0,0,1
5673077_1,0,1
5673078_0,0,1
5673078_0_r,0,1
5673085_0,0,1
5673085_1,0,1
5673089_0,0,1
5673089_1,0,1
5673089_2,0,1
5673089_3,0,1
5673089_4,0,1
5673093_0,0,1
5673093_1,0,1
5673093_2,0,1
5673093_3,0,1
5673102_1,1,1
5673102_2,0,1
5673102_3,0,1
5673119_0,0,1
5673124_0,0,1
5673127_0,0,1
5673171_0,0,1
5673179_0,0,1
5673179_0_r,1,1
5673198_0,0,1
5673198_1,0,1
5673198_2,0,1
5673198_3,0,1
5673198_4,0,1
5673198_5,0,1
5673210_0,0,1
5673210_1,0,1
5673210_2,0,1
5673210_3,0,1
5673210_4,0,1
5673210_5,0,1
5673211_0,0,1
5673231_0,0,1
5673299_0,0,1
5673309_0,0,1
5673309_1,0,1
5673316_0,0,1
5673316_1,0,1
5673316_10,0,1
5673316_2,0,1
5673316_3,0,1
5673316_4,0,1
5673316_5,0,1
5673316_6,0,1
5673316_7,0,1
5673316_8,0,1
5673316_9,0,1
5673323_0,0,1
5673323_1,0,1
5673342_0,0,1
5673342_1,0,1
5673359_0,0,1
5673367_0,1,1
5673367_0_r,0,1
5673372_0,0,1
5673372_0_r,1,1
5673380_0,0,1
5673380_1,0,1
5673410_0,0,1
5673410_0_r,0,1
5673410_1,0,1
5673410_1_r,0,1
5673424_0,0,1
5673424_0_r,0,1
5673424_1,0,1
5673424_1_r,0,1
5673424_2,0,1
5673424_2_r,0,1
5673427_0,0,1
5673441_0,0,1
5673441_1,0,1
5673452_0,0,1
5673480_0,0,1
5673480_0_r,0,1
5673497_0,0,1
5673497_1,0,1
5673511_0,0,1
5673511_0_r,0,1
5673515_0,0,1
5673523_0,0,1
5673530_0,0,1
5673532_0,0,1
5673532_0_r,0,1
5673533_0,0,1
5673533_1,0,1
5673561_0,0,1
5673561_1,0,1
5673561_2,0,1
5673581_0,0,1
5673581_1,0,1
5673591_0,0,1
5673594_0,1,1
5673605_0,0,1
5673605_0_r,0,1
5673605_1,0,1
5673605_1_r,0,1
5673613_0,0,1
5673614_0,0,1
5673619_0,0,1
5673622_0,0,1
5673624_0,0,1
5673626_0,0,1
5673626_1,0,1
5673626_2,0,1
5673626_3,0,1
5673628_0,0,1
567390803_0,0,1
567390803_0_r,0,1
567390803_1,0,1
567390803_1_r,0,1
569345468_0,0,1
569345468_1,0,1
569345474_0,0,1
569345480_0,0,1
569345486_0,0,1
569345499_0,0,1
569345502_0,0,1
569345502_1,0,1
569345502_2,0,1
569345508_0,0,1
569345508_1,0,1
569345515_0,0,1
569345515_1,0,1
569345515_2,0,1
569345515_3,0,1
569345515_4,0,1
569345518_0,0,1
569345525_0,0,1
569345531_0,0,1
569345535_0,0,1
569345536_0,0,1
569345537_0,0,1
569345537_1,0,1
569345537_2,0,1
569345537_3,0,1
569345538_0,0,1
569345539_0,0,1
569345540_0,0,1
569345540_1,0,1
569345540_2,0,1
569345541_0,0,1
569345542_0,0,1
569345543_0,0,1
569345544_0,0,1
569345545_0,0,1
569345546_0,0,1
569345547_0,0,1
569345547_1,0,1
569345547_2,0,1
569451557_0,0,1
569451557_1,0,1
569451558_0,0,1
569451559_0,0,1
570146060_0,0,1
570146060_0_r,0,1
570146118_0,0,1
570146118_0_r,0,1
570146179_0,0,1
570146179_0_r,0,1
570146234_0,0,1
570146234_0_r,0,1
570146235_0,0,1
570146235_0_r,0,1
570146235_1,0,1
570146235_1_r,0,1
570146253_0,0,1
570146253_0_r,0,1
570146262_0,0,1
570146262_0_r,0,1
570146938_0,0,1
570146938_0_r,0,1
570148110_0,0,1
570148110_0_r,0,1
570148187_0,0,1
570148187_0_r,0,1
570148188_0,0,1
570148188_0_r,0,1
570148188_1,0,1
570148188_1_r,0,1
570148188_2,0,1
570148188_2_r,0,1
570148189_0,0,1
570148189_0_r,0,1
570148190_0,0,1
570148190_1,0,1
570148191_0,0,1
570148192_0,0,1
570148192_0_r,0,1
570148322_0,0,1
570148322_0_r,0,1
570148712_0,0,1
570148712_0_r,0,1
570148713_0,0,1
570148713_0_r,0,1
570148713_1,0,1
570148713_1_r,0,1
570148739_0,0,1
570148739_0_r,0,1
570148919_0,0,1
570148919_0_r,0,1
570148920_0,0,1
570148920_0_r,0,1
570148921_0,0,1
570148921_0_r,0,1
570149023_0,0,1
570149023_0_r,0,1
570149334_0,0,1
570149334_0_r,0,1
570149364_0,0,1
570149364_0_r,0,1
570149420_0,0,1
570149420_0_r,0,1
570149661_0,0,1
570149661_0_r,0,1
570149662_0,0,1
570149662_0_r,0,1
570149662_1,0,1
570149662_1_r,0,1
570149663_0,0,1
570149663_0_r,0,1
570149663_1,0,1
570149663_1_r,0,1
570149704_0,0,1
570149704_0_r,0,1
570149705_0,0,1
570149706_0,0,1
570149706_0_r,0,1
570149706_1,0,1
570149706_1_r,0,1
570149707_0,0,1
570149707_1,0,1
570150035_0,0,1
570150035_0_r,0,1
570150218_0,0,1
570150218_0_r,0,1
570150864_0,0,1
570150864_0_r,0,1
570150865_0,0,1
570150865_0_r,0,1
570150866_0,0,1
570150866_0_r,0,1
570150866_1,0,1
570150866_1_r,0,1
570150866_2,0,1
570150866_2_r,0,1
570150866_3,0,1
570150866_3_r,0,1
570151174_0,0,1
570151174_0_r,0,1
570151175_0,0,1
570151175_0_r,0,1
570151176_0,0,1
570151176_0_r,0,1
570151176_1,0,1
570151176_1_r,0,1
570153313_0,0,1
570153313_0_r,0,1
570153315_0,0,1
570153315_0_r,0,1
570153315_1,0,1
570153315_1_r,0,1
570153656_0,0,1
570153656_0_r,0,1
570153853_0,0,1
570153853_0_r,0,1
570153854_0,0,1
570153854_0_r,0,1
570153854_1,0,1
570153854_1_r,0,1
570153860_0,0,1
570153860_0_r,0,1
570154240_0,0,1
570154240_0_r,0,1
570154519_0,0,1
570154519_0_r,0,1
570154520_0,0,1
570154520_0_r,0,1
570154521_0,0,1
570154521_0_r,0,1
570154521_1,0,1
570154521_1_r,0,1
570154987_0,0,1
570154987_0_r,0,1
570155060_0,0,1
570155060_0_r,0,1
570155061_0,0,1
570155061_0_r,0,1
570155061_1,0,1
570155061_1_r,0,1
570155210_0,0,1
570155210_0_r,0,1
570156303_0,0,1
570156303_0_r,0,1
570156526_0,0,1
570156526_0_r,0,1
570156527_0,0,1
570156527_0_r,0,1
570156528_0,0,1
570156528_0_r,0,1
570158316_0,0,1
570158316_0_r,0,1
570158602_0,0,1
570158602_0_r,0,1
570158603_0,0,1
570158603_0_r,0,1
570158603_1,0,1
570158603_1_r,0,1
570158629_0,0,1
570158629_0_r,0,1
570159284_0,0,1
570159284_0_r,0,1
570163570_0,0,1
570163570_0_r,0,1
570163571_0,0,1
570163571_0_r,0,1
570163572_0,0,1
570163572_0_r,0,1
570163572_1,0,1
570163572_1_r,0,1
570163573_0,0,1
570163573_0_r,0,1
570163574_0,0,1
570163574_1,0,1
570163575_0,0,1
570163575_0_r,0,1
570165766_0,0,1
570165766_0_r,0,1
570165767_0,0,1
570165767_0_r,0,1
570165768_0,0,1
570165768_0_r,0,1
570165768_1,0,1
570165768_1_r,0,1
570168916_0,0,1
570168916_0_r,0,1
570168918_0,0,1
570168918_0_r,0,1
570169646_0,0,1
570169646_0_r,0,1
570170872_0,0,1
570170872_0_r,0,1
570170873_0,0,1
570170873_0_r,0,1
570170874_0,0,1
570170874_0_r,0,1
570170874_1,0,1
570170874_1_r,0,1
570170875_0,0,1
570170875_0_r,0,1
570170876_0,0,1
570170876_0_r,0,1
570170877_0,0,1
570170877_0_r,0,1
570170878_0,1,1
570170878_0_r,0,1
570170878_1,0,1
570170878_1_r,0,1
570170878_2,0,1
570170878_2_r,0,1
570170878_3,0,1
570170878_3_r,0,1
570170878_4,0,1
570170878_4_r,0,1
570170879_0,0,1
570170879_0_r,0,1
570171460_0,0,1
570171460_0_r,0,1
570171461_0,0,1
570171461_0_r,0,1
570171461_1,0,1
570171461_1_r,0,1
570171720_0,0,1
570171720_0_r,0,1
570831581_0,0,1
570831581_0_r,0,1
570831937_0,0,1
570831937_0_r,0,1
570833432_0,0,1
570833432_0_r,0,1
570835926_0,0,1
570835926_0_r,1,1
570835927_0,0,1
570835927_0_r,1,1
570835928_0,0,1
570835928_0_r,1,1
570835929_0,0,1
570835929_0_r,1,1
570838759_0,0,1
570838759_0_r,0,1
571267477_0,0,1
571267477_0_r,0,1
571267478_0,0,1
571267478_0_r,0,1
571279374_0,0,1
571279374_0_r,0,1
571279375_0,0,1
571279375_0_r,0,1
571279376_0,0,1
571279376_0_r,0,1
571279377_0,0,1
571279377_0_r,0,1
571651963_0,0,1
571651963_0_r,0,1
572085018_0,0,1
572085018_0_r,0,1
572085019_0,0,1
572085019_0_r,0,1
572085020_0,0,1
572085020_0_r,0,1
572085021_0,0,1
572085021_0_r,0,1
572085021_1,0,1
572085021_1_r,0,1
572085022_0,0,1
572085022_0_r,0,1
572085022_1,0,1
572085022_1_r,0,1
572085022_2,0,1
572085022_2_r,0,1
572085023_0,1,1
572085023_0_r,0,1
572085024_0,1,1
572085024_0_r,0,1
572085025_0,0,1
572085025_0_r,0,1
572085025_1,0,1
572085025_1_r,0,1
573228988_0,0,1
573228989_0,0,1
573476359_0,0,1
573476360_0,0,1
575505274_0,0,1
575505275_0,0,1
575505276_0,0,1
575746067_0,0,1
575746068_0,0,1
576166512_0,0,1
576166512_0_r,0,1
576438593_0,0,1
578479864_0,0,1
578479864_0_r,0,1
583020573_0,0,1
583020573_0_r,0,1
584850103_0,0,1
584850103_1,0,1
584850104_0,0,1
584850104_1,0,1
584850104_2,0,1
584850105_0,0,1
584850105_1,0,1
584850105_2,0,1
584850105_3,0,1
584850105_4,0,1
584850105_5,0,1
584850105_6,0,1
584850105_7,0,1
584850105_8,0,1
584971395_0,0,1
584971395_0_r,0,1
584971399_0,0,1
584971499_0,0,1
584971499_0_r,0,1
584971501_0,0,1
584971501_0_r,0,1
584971503_0,0,1
584971507_0,0,1
584971507_0_r,0,1
584971510_0,0,1
584971510_0_r,0,1
584971513_0,0,1
584971513_0_r,0,1
584971516_0,0,1
584971516_0_r,0,1
584971519_0,0,1
584971519_0_r,0,1
584971522_1,1,1
584971522_1_r,0,1
584971525_0,0,1
584971525_0_r,0,1
584971529_0,0,1
584971530_0,0,1
584971530_0_r,0,1
584971531_0,0,1
584971531_0_r,0,1
584971531_1,0,1
584971531_1_r,0,1
584971531_2,0,1
584971531_2_r,0,1
584971531_3,0,1
584971531_3_r,0,1
584971532_0,0,1
584971532_0_r,0,1
586350562_0,0,1
586350564_0,0,1
586350564_1,0,1
586350565_0,0,1
586350565_0_r,0,1
587038012_0,0,1
587038012_0_r,0,1
587038049_0,0,1
587038049_1,0,1
587038049_2,0,1
587038050_0,0,1
587038050_0_r,0,1
587038051_0,0,1
587038081_0,0,1
587038082_0,0,1
587038082_0_r,0,1
587038101_0,0,1
587038129_0,0,1
587038129_0_r,0,1
587038175_0,0,1
587038175_0_r,0,1
587061854_0,0,1
587061869_0,0,1
587061869_1,0,1
587355676_0,0,1
587355676_0_r,0,1
587355680_0,0,1
588157329_0,0,1
588157329_1,0,1
588157329_2,0,1
588157329_3,0,1
588157329_4,0,1
588157329_5,0,1
588157329_6,0,1
588157336_0,0,1
588157337_0,0,1
588168462_0,0,1
588168464_0,0,1
588293370_0,0,1
588293370_1,0,1
588293375_0,0,1
589494594_0,0,1
589494595_0,0,1
589494595_1,0,1
589494596_0,0,1
589494596_0_r,0,1
589494600_0,0,1
589927692_0,0,1
591756888_0,0,1
591772210_0,0,1
591772210_0_r,0,1
591772210_1,0,1
591772210_1_r,0,1
591772210_2,0,1
591772210_2_r,0,1
591772211_0,0,1
596815951_0,0,1
596815952_0,0,1
597821266_0,1,1
597821266_1,0,1
597821266_2,0,1
597821266_3,0,1
597821266_4,0,1
597821266_5,0,1
597821266_6,0,1
597821267_0,0,1
598592965_0,0,1
600222727_0,0,1
600222727_0_r,0,1
600222728_0,0,1
600222728_0_r,0,1
600848479_0,0,1
600848485_0,0,1
601733867_0,0,1
601733867_1,0,1
602327726_0,0,1
602327726_0_r,0,1
602327727_0,0,1
602327727_0_r,0,1
602327728_0,0,1
602327728_0_r,0,1
602332800_0,0,1
602332800_0_r,0,1
602637272_0,0,1
603111633_0,0,1
603111633_0_r,0,1
60325668_0,1,1
605659021_0,0,1
605659021_0_r,0,1
607014004_0,0,1
607014004_0_r,0,1
607091411_0,0,1
607091411_1,0,1
607091411_2,0,1
607091411_3,0,1
607091411_4,0,1
607762989_0,0,1
607762989_1,0,1
607762995_0,0,1
607762995_0_r,0,1
607762995_1,0,1
607762995_1_r,0,1
607762995_2,0,1
607762995_2_r,0,1
609411840_0,0,1
609411840_0_r,0,1
609411842_0,0,1
609411842_0_r,0,1
609596058_0,0,1
611258687_0,0,1
611258687_0_r,0,1
611258687_1,0,1
611258687_1_r,0,1
611258688_0,0,1
611258688_1,0,1
612728125_0,0,1
612728125_0_r,0,1
612743236_0,0,1
612743237_0,0,1
612743238_0,0,1
613463563_0,1,1
613463563_0_r,0,1
613463563_1,0,1
613463563_1_r,0,1
613463563_2,0,1
613463563_2_r,0,1
613463563_3,0,1
613463563_3_r,0,1
613463563_4,0,1
613463563_4_r,0,1
615986455_0,0,1
615986455_0_r,0,1
615986457_0,0,1
615986457_0_r,0,1
615986458_0,0,1
615986458_0_r,0,1
615986458_1,0,1
615986458_1_r,0,1
615986460_0,0,1
615986460_0_r,0,1
615986461_0,0,1
615986461_0_r,0,1
615986462_0,0,1
615986462_0_r,0,1
615986463_0,0,1
615986463_0_r,0,1
615986465_0,0,1
615986465_0_r,0,1
615986465_1,0,1
615986465_1_r,0,1
616683717_0,0,1
616745173_0,0,1
616745173_0_r,0,1
616745174_0,0,1
616745174_1,0,1
616745175_0,0,1
616745175_1,0,1
616745175_2,0,1
616745175_3,0,1
616745176_0,0,1
616745176_0_r,0,1
617425347_0,0,1
617425347_0_r,0,1
617499334_0,0,1
617499334_0_r,0,1
617499334_1,0,1
617499334_1_r,0,1
618613774_0,0,1
618613774_0_r,0,1
618613775_0,0,1
618613775_0_r,0,1
618613778_0,0,1
618613778_0_r,0,1
618613780_0,0,1
618613780_0_r,0,1
618990022_0,0,1
618990022_1,0,1
618990022_2,0,1
618990022_3,0,1
618990022_4,0,1
618990022_5,0,1
618990022_6,0,1
618990022_7,0,1
618990022_8,0,1
619277987_0,0,1
619277987_0_r,0,1
619277987_1,0,1
619277987_1_r,0,1
619277987_2,0,1
619277987_2_r,0,1
619277988_0,0,1
619277988_0_r,0,1
619277989_0,0,1
619277989_1,0,1
619280601_0,0,1
619280607_0,0,1
619280607_1,0,1
619280607_2,0,1
619280607_3,0,1
619280612_0,0,1
619280617_0,0,1
619280617_1,0,1
619280617_2,0,1
619280617_3,0,1
619280617_4,0,1
619454130_0,0,1
619469813_0,0,1
619469813_0_r,0,1
619469815_0,0,1
619469815_0_r,0,1
619469817_0,0,1
619469817_0_r,0,1
619469817_1,0,1
619469817_1_r,0,1
619469817_2,0,1
619469817_2_r,0,1
619476005_0,0,1
619476005_0_r,1,1
620680161_0,0,1
620680161_1,0,1
620939495_0,0,1
626221794_0,0,1
626221794_0_r,0,1
626226775_0,0,1
626226775_1,0,1
626226775_2,0,1
626226775_3,0,1
626514137_0,0,1
626739791_0,0,1
626739792_0,0,1
626739792_1,0,1
628093103_0,0,1
628093103_0_r,0,1
628093103_1,0,1
628093103_1_r,1,1
630828554_0,0,1
630828555_0,0,1
630828555_0_r,0,1
630828556_0,0,1
630828556_1,0,1
630828557_0,0,1
630828557_1,0,1
630828581_4,1,1
630828582_0,0,1
630828583_0,0,1
630828584_0,0,1
630828584_1,0,1
630828585_0,0,1
630828586_0,0,1
630828586_1,0,1
630828586_2,0,1
630828589_0,0,1
630828589_1,0,1
630828592_0,0,1
630828592_0_r,0,1
630828592_1,0,1
630828592_1_r,0,1
630828592_2,0,1
630828592_2_r,0,1
630828594_0,0,1
630828594_0_r,0,1
630828594_1,0,1
630828594_1_r,0,1
630828595_0,0,1
630828595_1,0,1
630828596_0,0,1
634144840_0,0,1
634144840_0_r,0,1
634144842_0,0,1
634144842_0_r,0,1
634986991_0,0,1
637117721_0,0,1
637117721_0_r,0,1
640327290_1,0,1
640327300_1,0,1
640327300_10,0,1
640327300_2,0,1
640327300_3,0,1
640327300_4,0,1
640327300_5,0,1
640327300_6,0,1
640327300_7,0,1
640327300_8,0,1
640327300_9,0,1
641914938_0,0,1
643000849_0,0,1
643000849_1,0,1
643444515_0,0,1
645825101_0,0,1
645825101_0_r,0,1
645864303_0,0,1
645864303_0_r,0,1
645864305_0,0,1
645864305_0_r,0,1
645864306_0,0,1
645864306_0_r,0,1
646635888_0,0,1
646635889_0,0,1
646635889_1,0,1
68325062_0,0,1
68325065_0,0,1
68325065_1,0,1
68325065_2,0,1
68325075_0,0,1
68325079_0,0,1
68325079_0_r,0,1
68668516_0,0,1
68668519_0,0,1
68668520_0,0,1
68668520_0_r,0,1
68668521_0,0,1
68668521_0_r,0,1
68668521_1,0,1
68668521_1_r,0,1
68668521_2,0,1
68668521_2_r,0,1
68668521_3,0,1
68668521_3_r,0,1
68668522_0,0,1
68668522_0_r,0,1
68668526_0,0,1
68668526_0_r,0,1
68668529_0,0,1
68668529_0_r,0,1
68668537_0,0,1
68668537_1,0,1
68668537_2,0,1
68668537_3,0,1
68668539_0,0,1
68668539_1,0,1
68668539_2,0,1
68668539_3,0,1
68668540_0,0,1
68668541_0,0,1
68668541_1,0,1
68668541_2,0,1
68668541_3,0,1
68668541_4,0,1
68668541_5,0,1
68668541_6,0,1
68668541_7,0,1
68668546_0,0,1
68668546_1,0,1
68668546_2,0,1
68668546_3,0,1
68668551_0,0,1
68668551_1,0,1
68668552_0,0,1
68668553_0,0,1
68668553_1,0,1
68668556_0,0,1
68668557_0,0,1
68668557_0_r,0,1
68668558_0,0,1
68668559_0,0,1
68668559_0_r,0,1
68668559_1,0,1
68668559_1_r,0,1
68668559_2,0,1
68668559_2_r,0,1
68668562_0,0,1
68668562_1,0,1
68668562_2,0,1
68668562_3,0,1
68674960_0,0,1
68674961_0,0,1
68674961_1,0,1
68674961_2,0,1
68674961_3,0,1
68674961_4,0,1
68674961_5,0,1
68674961_6,0,1
68674962_35,1,1
68674962_36,0,1
68674962_37,0,1
68674962_38,0,1
68674965_0,0,1
68674966_0,0,1
68674968_0,0,1
68674968_1,0,1
68674968_2,0,1
68674968_3,0,1
68674968_4,0,1
68675820_0,0,1
75311776_0,0,1
75311776_0_r,0,1
91383966_0,0,1
95181773_0,0,1
95181773_1,0,1
95181774_0,0,1
